2024,1.01,1,Jefe,"Lamb, CeeDee DAL WR (Q)"
2024,1.02,2,Badass Mother Fucker,"McCaffrey, Christian SFO RB (I)"
2024,1.03,3,Dazed & Confused,"Hill, Tyreek MIA WR"
2024,1.04,4,LOUDEN SWAIN,"Allen, Josh BUF QB"
2024,1.05,5,DDC,"Mahomes, Patrick KCC QB"
2024,1.06,6,Slutwak,"Robinson, Bijan ATL RB"
2024,1.07,7,Uncle Charlie,"Hurts, Jalen PHI QB"
2024,1.08,8,Wrigley's Field,"St. Brown, Amon-Ra DET WR"
2024,1.09,9,Bob the Third,"Jackson, Lamar BAL QB"
2024,1.1,10,Kauf,"Hall, Breece NYJ RB"
2024,2.01,11,Kauf,"Jefferson, Justin MIN WR"
2024,2.02,12,Bob the Third,"Chase, Ja'Marr CIN WR"
2024,2.03,13,Wrigley's Field,"Taylor, Jonathan IND RB"
2024,2.04,14,Uncle Charlie,"Prescott, Dak DAL QB (Q)"
2024,2.05,15,Slutwak,"Love, Jordan GBP QB"
2024,2.06,16,DDC,"Brown, A.J. PHI WR"
2024,2.07,17,LOUDEN SWAIN,"Nacua, Puka LAR WR"
2024,2.08,18,Dazed & Confused,"Gibbs, Jahmyr DET RB"
2024,2.09,19,Badass Mother Fucker,"Murray, Kyler ARI QB"
2024,2.1,20,Jefe,"Williams, Kyren LAR RB"
2024,3.01,21,Jefe,"Harrison Jr., Marvin ARI WR (R)"
2024,3.02,22,Badass Mother Fucker,"Wilson, Garrett NYJ WR"
2024,3.03,23,Dazed & Confused,"Stroud, C.J. HOU QB"
2024,3.04,24,LOUDEN SWAIN,"Barkley, Saquon PHI RB"
2024,3.05,25,DDC,"Henry, Derrick BAL RB"
2024,3.06,26,Slutwak,"Adams, Davante NYJ WR"
2024,3.07,27,Uncle Charlie,"Kupp, Cooper LAR WR"
2024,3.08,28,Wrigley's Field,"Burrow, Joe CIN QB"
2024,3.09,29,Bob the Third,"Etienne, Travis JAC RB"
2024,3.1,30,Kauf,"Richardson, Anthony IND QB (Q)"
2024,4.01,31,Kauf,"Olave, Chris NOS WR (Q)"
2024,4.02,32,Bob the Third,"Pacheco, Isiah KCC RB"
2024,4.03,33,Wrigley's Field,"Tagovailoa, Tua MIA QB (Q)"
2024,4.04,34,Uncle Charlie,"White, Rachaad TBB RB"
2024,4.05,35,Slutwak,"Collins, Nico HOU WR"
2024,4.06,36,DDC,"Achane, De'Von MIA RB"
2024,4.07,37,LOUDEN SWAIN,"Kamara, Alvin NOS RB (Q)"
2024,4.08,38,Dazed & Confused,"London, Drake ATL WR"
2024,4.09,39,Badass Mother Fucker,"Evans, Mike TBB WR"
2024,4.1,40,Jefe,"Waddle, Jaylen MIA WR"
2024,5.01,41,Jefe,"Mixon, Joe HOU RB"
2024,5.02,42,Badass Mother Fucker,"Cook, James BUF RB"
2024,5.03,43,Dazed & Confused,"Williams, Caleb CHI QB (R) (Q)"
2024,5.04,44,LOUDEN SWAIN,"Goff, Jared DET QB"
2024,5.05,45,DDC,"Purdy, Brock SFO QB (Q)"
2024,5.06,46,Slutwak,"Stafford, Matthew LAR QB (Q)"
2024,5.07,47,Uncle Charlie,"Pittman, Michael IND WR (Q)"
2024,5.08,48,Wrigley's Field,"Walker III, Kenneth SEA RB (I)"
2024,5.09,49,Bob the Third,"Samuel, Deebo SFO WR (Q)"
2024,5.1,50,Kauf,"Jacobs, Josh GBP RB"
2024,6.01,51,Kauf,"Daniels, Jayden WAS QB (R)"
2024,6.02,52,Bob the Third,"Metcalf, DK SEA WR"
2024,6.03,53,Wrigley's Field,"Moore, D.J. CHI WR"
2024,6.04,54,Uncle Charlie,"Montgomery, David DET RB"
2024,6.05,55,Slutwak,"Nabers, Malik NYG WR (R)"
2024,6.06,56,DDC,"Aiyuk, Brandon SFO WR (I)"
2024,6.07,57,LOUDEN SWAIN,"Pickens, George PIT WR"
2024,6.08,58,Dazed & Confused,"Kelce, Travis KCC TE"
2024,6.09,59,Badass Mother Fucker,"Cousins, Kirk ATL QB"
2024,6.1,60,Jefe,"Lawrence, Trevor JAC QB (Q)"
2024,7.01,61,Jefe,"Smith, DeVonta PHI WR"
2024,7.02,62,Badass Mother Fucker,"LaPorta, Sam DET TE"
2024,7.03,63,Dazed & Confused,"Diggs, Stefon HOU WR (Q)"
2024,7.04,64,LOUDEN SWAIN,"McBride, Trey ARI TE"
2024,7.05,65,DDC,"Rice, Rashee KCC WR (I)"
2024,7.06,66,Slutwak,"Conner, James ARI RB (Q)"
2024,7.07,67,Uncle Charlie,"Jones, Aaron MIN RB"
2024,7.08,68,Wrigley's Field,"Andrews, Mark BAL TE"
2024,7.09,69,Bob the Third,"Engram, Evan JAC TE (Q)"
2024,7.1,70,Kauf,"Cooper, Amari BUF WR"
2024,8.01,71,Kauf,"Pitts, Kyle ATL TE"
2024,8.02,72,Bob the Third,"Rodgers, Aaron NYJ QB"
2024,8.03,73,Wrigley's Field,"Kirk, Christian JAC WR (Q)"
2024,8.04,74,Uncle Charlie,"Kincaid, Dalton BUF TE"
2024,8.05,75,Slutwak,"Kittle, George SFO TE"
2024,8.06,76,DDC,"Dell, Tank HOU WR (Q)"
2024,8.07,77,LOUDEN SWAIN,"Higgins, Tee CIN WR (Q)"
2024,8.08,78,Dazed & Confused,"Pollard, Tony TEN RB"
2024,8.09,79,Badass Mother Fucker,"McLaurin, Terry WAS WR"
2024,8.1,80,Jefe,"Ferguson, Jake DAL TE"
2024,9.01,81,Jefe,"Stevenson, Rhamondre NEP RB"
2024,9.02,82,Badass Mother Fucker,"Swift, D'Andre CHI RB"
2024,9.03,83,Dazed & Confused,"White, Zamir LVR RB (Q)"
2024,9.04,84,LOUDEN SWAIN,"Flowers, Zay BAL WR (Q)"
2024,9.05,85,DDC,"Mostert, Raheem MIA RB"
2024,9.06,86,Slutwak,"Ford, Jerome CLE RB (Q)"
2024,9.07,87,Uncle Charlie,"Godwin, Chris TBB WR (I)"
2024,9.08,88,Wrigley's Field,"Williams, Javonte DEN RB"
2024,9.09,89,Bob the Third,"Johnson, Diontae BAL WR"
2024,9.1,90,Kauf,"Watson, Christian GBP WR (Q)"
2024,10.01,91,Kauf,"Brooks, Jonathon CAR RB (R) (Q)"
2024,10.02,92,Bob the Third,"Singletary, Devin NYG RB"
2024,10.03,93,Wrigley's Field,"Shakir, Khalil BUF WR"
2024,10.04,94,Uncle Charlie,"Smith-Njigba, Jaxon SEA WR"
2024,10.05,95,Slutwak,"Reed, Jayden GBP WR (Q)"
2024,10.06,96,DDC,"Njoku, David CLE TE (Q)"
2024,10.07,97,LOUDEN SWAIN,"Nix, Bo DEN QB (R)"
2024,10.08,98,Dazed & Confused,"Herbert, Justin LAC QB"
2024,10.09,99,Badass Mother Fucker,"Ridley, Calvin TEN WR"
2024,10.1,100,Jefe,"Harris, Najee PIT RB"
2024,11.01,101,Jefe,"Sutton, Courtland DEN WR"
2024,11.02,102,Badass Mother Fucker,"Mayfield, Baker TBB QB"
2024,11.03,103,Dazed & Confused,"Allen, Keenan CHI WR"
2024,11.04,104,LOUDEN SWAIN,"Brown, Chase CIN RB (Q)"
2024,11.05,105,DDC,"Smith, Geno SEA QB (Q)"
2024,11.06,106,Slutwak,"Robinson, Brian WAS RB"
2024,11.07,107,Uncle Charlie,"Odunze, Rome CHI WR (R)"
2024,11.08,108,Wrigley's Field,"Levis, Will TEN QB"
2024,11.09,109,Bob the Third,"Thomas Jr., Brian JAC WR (R)"
2024,11.1,110,Kauf,"Corum, Blake LAR RB (R) (Q)"
2024,12.01,111,Kauf,"Worthy, Xavier KCC WR (R)"
2024,12.02,112,Bob the Third,"Coleman, Keon BUF WR (R)"
2024,12.03,113,Wrigley's Field,"Moss, Zack CIN RB (Q)"
2024,12.04,114,Uncle Charlie,"Warren, Jaylen PIT RB"
2024,12.05,115,Slutwak,"Hubbard, Chuba CAR RB (Q)"
2024,12.06,116,DDC,"Spears, Tyjae TEN RB (Q)"
2024,12.07,117,LOUDEN SWAIN,"Ekeler, Austin WAS RB"
2024,12.08,118,Dazed & Confused,"Chubb, Nick CLE RB (Q)"
2024,12.09,119,Badass Mother Fucker,"Hopkins, DeAndre KCC WR"
2024,12.1,120,Jefe,"Watson, Deshaun CLE QB (Q)"
2024,13.01,121,Jefe,"Edwards, Gus LAC RB"
2024,13.02,122,Badass Mother Fucker,"Charbonnet, Zach SEA RB"
2024,13.03,123,Dazed & Confused,"Palmer, Joshua LAC WR (Q)"
2024,13.04,124,LOUDEN SWAIN,"Dowdle, Rico DAL RB"
2024,13.05,125,DDC,"Bowers, Brock LVR TE (R)"
2024,13.06,126,Slutwak,"Ravens, Baltimore BAL Def"
2024,13.07,127,Uncle Charlie,"49ers, San Francisco SFO Def"
2024,13.08,128,Wrigley's Field,"Doubs, Romeo GBP WR (Q)"
2024,13.09,129,Bob the Third,"Elliott, Ezekiel LAC RB"
2024,13.1,130,Kauf,"Kmet, Cole CHI TE"
2024,14.01,131,Kauf,"Addison, Jordan MIN WR"
2024,14.02,132,Bob the Third,"Brown, Marquise KCC WR"
2024,14.03,133,Wrigley's Field,"Ravens, Baltimore BAL TMPK"
2024,14.04,134,Uncle Charlie,"Schultz, Dalton HOU TE"
2024,14.05,135,Slutwak,"Allgeier, Tyler ATL RB"
2024,14.06,136,DDC,"Wright, Jaylen MIA RB (R)"
2024,14.07,137,LOUDEN SWAIN,"McConkey, Ladd LAC WR (R)"
2024,14.08,138,Dazed & Confused,"Williams, Jameson DET WR"
2024,14.09,139,Badass Mother Fucker,"McLaughlin, Jaleel DEN RB"
2024,14.1,140,Jefe,"Cooks, Brandin DAL WR"
2024,15.01,141,Jefe,"Bears, Chicago CHI Def"
2024,15.02,142,Badass Mother Fucker,"Browns, Cleveland CLE Def"
2024,15.03,143,Dazed & Confused,"Cowboys, Dallas DAL Def"
2024,15.04,144,LOUDEN SWAIN,"Dobbins, J.K. LAC RB"
2024,15.05,145,DDC,"Jets, New York NYJ Def"
2024,15.06,146,Slutwak,"Cowboys, Dallas DAL TMPK"
2024,15.07,147,Uncle Charlie,"Chargers, Los Angeles LAC TMPK"
2024,15.08,148,Wrigley's Field,"Lions, Detroit DET Def"
2024,15.09,149,Bob the Third,"Goedert, Dallas PHI TE"
2024,15.1,150,Kauf,"Benson, Trey ARI RB (R) (Q)"
2024,16.01,151,Kauf,"Wicks, Dontayvion GBP WR"
2024,16.02,152,Bob the Third,"Carr, Derek NOS QB (Q)"
2024,16.03,153,Wrigley's Field,"Davis, Ray BUF RB (R)"
2024,16.04,154,Uncle Charlie,"Darnold, Sam MIN QB"
2024,16.05,155,Slutwak,"Hill, Justice BAL RB"
2024,16.06,156,DDC,"Shaheed, Rashid NOS WR (Q)"
2024,16.07,157,LOUDEN SWAIN,"Jones, Daniel MIN QB"
2024,16.08,158,Dazed & Confused,"Mason, Jordan SFO RB (I)"
2024,16.09,159,Badass Mother Fucker,"Chandler, Ty MIN RB"
2024,16.1,160,Jefe,"Hockenson, T.J. MIN TE"
2024,17.01,161,Jefe,"Gainwell, Kenneth PHI RB"
2024,17.02,162,Badass Mother Fucker,"Lloyd, MarShawn GBP RB (R) (Q)"
2024,17.03,163,Dazed & Confused,"Mattison, Alexander LVR RB"
2024,17.04,164,LOUDEN SWAIN,"Bills, Buffalo BUF Def"
2024,17.05,165,DDC,"Gibson, Antonio NEP RB"
2024,17.06,166,Slutwak,"Young, Bryce CAR QB"
2024,17.07,167,Uncle Charlie,"Irving, Bucky TBB RB (R)"
2024,17.08,168,Wrigley's Field,"Meyers, Jakobi LVR WR"
2024,17.09,169,Bob the Third,"Edwards-Helaire, Clyde FA RB"
2024,17.1,170,Kauf,"Steelers, Pittsburgh PIT Def"
2024,18.01,171,Kauf,"Maye, Drake NEP QB (R)"
2024,18.02,172,Bob the Third,"Raiders, Las Vegas LVR Def"
2024,18.03,173,Wrigley's Field,"Likely, Isaiah BAL TE"
2024,18.04,174,Uncle Charlie,"Jeudy, Jerry CLE WR"
2024,18.05,175,Slutwak,"Samuel, Curtis BUF WR"
2024,18.06,176,DDC,"Lockett, Tyler SEA WR"
2024,18.07,177,LOUDEN SWAIN,"Raiders, Las Vegas LVR TMPK"
2024,18.08,178,Dazed & Confused,"Chiefs, Kansas City KCC TMPK"
2024,18.09,179,Badass Mother Fucker,"Williams, Mike PIT WR"
2024,18.1,180,Jefe,"49ers, San Francisco SFO TMPK"
2024,19.01,181,Jefe,"Minshew, Gardner LVR QB (Q)"
2024,19.02,182,Badass Mother Fucker,"Texans, Houston HOU TMPK"
2024,19.03,183,Dazed & Confused,"Hill, Taysom NOS TE (Q)"
2024,19.04,184,LOUDEN SWAIN,"Johnston, Quentin LAC WR"
2024,19.05,185,DDC,"Eagles, Philadelphia PHI Def"
2024,19.06,186,Slutwak,"Dolphins, Miami MIA Def"
2024,19.07,187,Uncle Charlie,"Chiefs, Kansas City KCC Def"
2024,19.08,188,Wrigley's Field,"Polk, Ja'Lynn NEP WR (R) (Q)"
2024,19.09,189,Bob the Third,"Bateman, Rashod BAL WR (Q)"
2024,19.1,190,Kauf,"Eagles, Philadelphia PHI TMPK"
2024,20.01,191,Kauf,"Allen, Braelon NYJ RB (R)"
2024,20.02,192,Bob the Third,"Falcons, Atlanta ATL TMPK"
2024,20.03,193,Wrigley's Field,"Wilson, Michael ARI WR (Q)"
2024,20.04,194,Uncle Charlie,"Colts, Indianapolis IND TMPK"
2024,20.05,195,Slutwak,"Musgrave, Luke GBP TE"
2024,20.06,196,DDC,"Dolphins, Miami MIA TMPK"
2024,20.07,197,LOUDEN SWAIN,"Douglas, Demario NEP WR"
2024,20.08,198,Dazed & Confused,"Falcons, Atlanta ATL Def"
2024,20.09,199,Badass Mother Fucker,"Herbert, Khalil CIN RB"
2024,20.1,200,Jefe,"Thielen, Adam CAR WR"
2023,1.01,1,LOUDEN SWAIN,"Jefferson, Justin MIN WR"
2023,1.02,2,Neidermeyer,"Mahomes, Patrick KCC QB"
2023,1.03,3,Bob the Third,"McCaffrey, Christian SFO RB"
2023,1.04,4,Lil K,"Ekeler, Austin LAC RB"
2023,1.05,5,Jefe,"Chase, Ja'Marr CIN WR"
2023,1.06,6,Badass Mother Fucker,"Allen, Josh BUF QB"
2023,1.07,7,DDC,"Hurts, Jalen PHI QB"
2023,1.08,8,Wrigley's Field,"Kelce, Travis KCC TE"
2023,1.09,9,Young Guns,"Diggs, Stefon BUF WR"
2023,1.1,10,Dazed & Confused,"Burrow, Joe CIN QB"
2023,2.01,11,Dazed & Confused,"Robinson, Bijan ATL RB (R)"
2023,2.02,12,Young Guns,"Hill, Tyreek MIA WR"
2023,2.03,13,Wrigley's Field,"Herbert, Justin LAC QB"
2023,2.04,14,DDC,"Barkley, Saquon NYG RB"
2023,2.05,15,Badass Mother Fucker,"Kupp, Cooper LAR WR"
2023,2.06,16,Jefe,"Chubb, Nick CLE RB"
2023,2.07,17,Lil K,"Lamb, CeeDee DAL WR"
2023,2.08,18,Bob the Third,"Jackson, Lamar BAL QB"
2023,2.09,19,Neidermeyer,"Pollard, Tony DAL RB"
2023,2.1,20,LOUDEN SWAIN,"Fields, Justin CHI QB"
2023,3.01,21,LOUDEN SWAIN,"Henry, Derrick TEN RB"
2023,3.02,22,Neidermeyer,"Lawrence, Trevor JAC QB"
2023,3.03,23,Bob the Third,"Adams, Davante LVR WR"
2023,3.04,24,Lil K,"Brown, A.J. PHI WR"
2023,3.05,25,Jefe,"Wilson, Garrett NYJ WR"
2023,3.06,26,Badass Mother Fucker,"St. Brown, Amon-Ra DET WR"
2023,3.07,27,DDC,"Jacobs, Josh LVR RB"
2023,3.08,28,Wrigley's Field,"Gibbs, Jahmyr DET RB (R)"
2023,3.09,29,Young Guns,"Mixon, Joe CIN RB"
2023,3.1,30,Dazed & Confused,"Waddle, Jaylen MIA WR"
2023,4.01,31,Dazed & Confused,"Olave, Chris NOS WR"
2023,4.02,32,Young Guns,"Andrews, Mark BAL TE"
2023,4.03,33,Wrigley's Field,"Ridley, Calvin JAC WR"
2023,4.04,34,DDC,"Cousins, Kirk MIN QB"
2023,4.05,35,Badass Mother Fucker,"Stevenson, Rhamondre NEP RB"
2023,4.06,36,Jefe,"Etienne, Travis JAC RB"
2023,4.07,37,Lil K,"Tagovailoa, Tua MIA QB"
2023,4.08,38,Bob the Third,"Metcalf, DK SEA WR"
2023,4.09,39,Neidermeyer,"Allen, Keenan LAC WR"
2023,4.1,40,LOUDEN SWAIN,"Jones, Aaron GBP RB"
2023,5.01,41,LOUDEN SWAIN,"Watson, Deshaun CLE QB"
2023,5.02,42,Neidermeyer,"Hopkins, DeAndre TEN WR"
2023,5.03,43,Bob the Third,"Smith, Geno SEA QB"
2023,5.04,44,Lil K,"Harris, Najee PIT RB"
2023,5.05,45,Jefe,"Smith, DeVonta PHI WR"
2023,5.06,46,Badass Mother Fucker,"Prescott, Dak DAL QB"
2023,5.07,47,DDC,"Higgins, Tee CIN WR"
2023,5.08,48,Wrigley's Field,"Jones, Daniel NYG QB"
2023,5.09,49,Young Guns,"Rodgers, Aaron NYJ QB"
2023,5.1,50,Dazed & Confused,"Richardson, Anthony IND QB (R)"
2023,6.01,51,Dazed & Confused,"Taylor, Jonathan IND RB"
2023,6.02,52,Young Guns,"Samuel, Deebo SFO WR"
2023,6.03,53,Wrigley's Field,"Hall, Breece NYJ RB"
2023,6.04,54,DDC,"Hockenson, T.J. MIN TE"
2023,6.05,55,Badass Mother Fucker,"Pierce, Dameon HOU RB"
2023,6.06,56,Jefe,"Cooper, Amari CLE WR"
2023,6.07,57,Lil K,"Goff, Jared DET QB"
2023,6.08,58,Bob the Third,"Moore, D.J. CHI WR"
2023,6.09,59,Neidermeyer,"Waller, Darren NYG TE"
2023,6.1,60,LOUDEN SWAIN,"Watson, Christian GBP WR"
2023,7.01,61,LOUDEN SWAIN,"Kittle, George SFO TE"
2023,7.02,62,Neidermeyer,"Cook, James BUF RB"
2023,7.03,63,Bob the Third,"Goedert, Dallas PHI TE"
2023,7.04,64,Lil K,"Godwin, Chris TBB WR"
2023,7.05,65,Jefe,"Pitts, Kyle ATL TE"
2023,7.06,66,Badass Mother Fucker,"Lockett, Tyler SEA WR"
2023,7.07,67,DDC,"Kirk, Christian JAC WR"
2023,7.08,68,Wrigley's Field,"Aiyuk, Brandon SFO WR"
2023,7.09,69,Young Guns,"Walker III, Kenneth SEA RB"
2023,7.1,70,Dazed & Confused,"Dobbins, J.K. BAL RB"
2023,8.01,71,Dazed & Confused,"London, Drake ATL WR"
2023,8.02,72,Young Guns,"Williams, Mike LAC WR"
2023,8.03,73,Wrigley's Field,"White, Rachaad TBB RB"
2023,8.04,74,DDC,"Evans, Mike TBB WR"
2023,8.05,75,Badass Mother Fucker,"Johnson, Diontae PIT WR"
2023,8.06,76,Jefe,"Sanders, Miles CAR RB"
2023,8.07,77,Lil K,"Freiermuth, Pat PIT TE"
2023,8.08,78,Bob the Third,"Conner, James ARI RB"
2023,8.09,79,Neidermeyer,"Mattison, Alexander MIN RB"
2023,8.1,80,LOUDEN SWAIN,"Pittman, Michael IND WR"
2023,9.01,81,LOUDEN SWAIN,"Akers, Cam MIN RB"
2023,9.02,82,Neidermeyer,"Dotson, Jahan WAS WR"
2023,9.03,83,Bob the Third,"McLaurin, Terry WAS WR"
2023,9.04,84,Lil K,"Williams, Javonte DEN RB"
2023,9.05,85,Jefe,"Carr, Derek NOS QB"
2023,9.06,86,Badass Mother Fucker,"Kamara, Alvin NOS RB"
2023,9.07,87,DDC,"Montgomery, David DET RB"
2023,9.08,88,Wrigley's Field,"Pickens, George PIT WR"
2023,9.09,89,Young Guns,"Cook, Dalvin BAL RB"
2023,9.1,90,Dazed & Confused,"Pacheco, Isiah KCC RB"
2023,10.01,91,Dazed & Confused,"Brown, Marquise ARI WR"
2023,10.02,92,Young Guns,"Purdy, Brock SFO QB"
2023,10.03,93,Wrigley's Field,"Davis, Gabriel BUF WR"
2023,10.04,94,DDC,"Swift, D'Andre PHI RB"
2023,10.05,95,Badass Mother Fucker,"Robinson, Brian WAS RB"
2023,10.06,96,Jefe,"Love, Jordan GBP QB"
2023,10.07,97,Lil K,"Wilson, Russell DEN QB"
2023,10.08,98,Bob the Third,"McKinnon, Jerick KCC RB"
2023,10.09,99,Neidermeyer,"Howell, Sam WAS QB"
2023,10.1,100,LOUDEN SWAIN,"Jeudy, Jerry DEN WR"
2023,11.01,101,LOUDEN SWAIN,"Herbert, Khalil CHI RB"
2023,11.02,102,Neidermeyer,"Gibson, Antonio WAS RB"
2023,11.03,103,Bob the Third,"Mitchell, Elijah SFO RB"
2023,11.04,104,Lil K,"Charbonnet, Zach SEA RB (R)"
2023,11.05,105,Jefe,"Addison, Jordan MIN WR (R)"
2023,11.06,106,Badass Mother Fucker,"Sutton, Courtland DEN WR"
2023,11.07,107,DDC,"Burks, Treylon TEN WR"
2023,11.08,108,Wrigley's Field,"Dillon, AJ GBP RB"
2023,11.09,109,Young Guns,"Pickett, Kenny PIT QB"
2023,11.1,110,Dazed & Confused,"Cooks, Brandin DAL WR"
2023,12.01,111,Dazed & Confused,"Stafford, Matthew LAR QB"
2023,12.02,112,Young Guns,"Smith-Njigba, Jaxon SEA WR (R)"
2023,12.03,113,Wrigley's Field,"Moore, Skyy KCC WR"
2023,12.04,114,DDC,"Thomas, Michael NOS WR"
2023,12.05,115,Badass Mother Fucker,"Toney, Kadarius KCC WR"
2023,12.06,116,Jefe,"Mostert, Raheem MIA RB"
2023,12.07,117,Lil K,"Smith-Schuster, JuJu NEP WR"
2023,12.08,118,Bob the Third,"Beckham, Odell BAL WR"
2023,12.09,119,Neidermeyer,"Flowers, Zay BAL WR (R)"
2023,12.1,120,LOUDEN SWAIN,"Elliott, Ezekiel NEP RB"
2023,13.01,121,LOUDEN SWAIN,"Stroud, C.J. HOU QB (R)"
2023,13.02,122,Neidermeyer,"Achane, De'Von MIA RB (R)"
2023,13.03,123,Bob the Third,"Garoppolo, Jimmy LVR QB"
2023,13.04,124,Lil K,"Eagles, Philadelphia PHI Def"
2023,13.05,125,Jefe,"Njoku, David CLE TE"
2023,13.06,126,Badass Mother Fucker,"Engram, Evan JAC TE"
2023,13.07,127,DDC,"Patriots, New England NEP Def"
2023,13.08,128,Wrigley's Field,"Young, Bryce CAR QB (R)"
2023,13.09,129,Young Guns,"Perine, Samaje DEN RB"
2023,13.1,130,Dazed & Confused,"Allgeier, Tyler ATL RB"
2023,14.01,131,Dazed & Confused,"Kincaid, Dalton BUF TE (R)"
2023,14.02,132,Young Guns,"Gainwell, Kenneth PHI RB"
2023,14.03,133,Wrigley's Field,"Chiefs, Kansas City KCC TMPK"
2023,14.04,134,DDC,"Cowboys, Dallas DAL Def"
2023,14.05,135,Badass Mother Fucker,"49ers, San Francisco SFO Def"
2023,14.06,136,Jefe,"Williams, Jamaal NOS RB"
2023,14.07,137,Lil K,"Ravens, Baltimore BAL TMPK"
2023,14.08,138,Bob the Third,"Doubs, Romeo GBP WR"
2023,14.09,139,Neidermeyer,"Raiders, Las Vegas LVR TMPK"
2023,14.1,140,LOUDEN SWAIN,"Johnston, Quentin LAC WR (R)"
2023,15.01,141,LOUDEN SWAIN,"LaPorta, Sam DET TE (R)"
2023,15.02,142,Neidermeyer,"Moore, Elijah CLE WR"
2023,15.03,143,Bob the Third,"Bengals, Cincinnati CIN TMPK"
2023,15.04,144,Lil K,"Kmet, Cole CHI TE"
2023,15.05,145,Jefe,"Bateman, Rashod BAL WR"
2023,15.06,146,Badass Mother Fucker,"Warren, Jaylen PIT RB"
2023,15.07,147,DDC,"Bills, Buffalo BUF TMPK"
2023,15.08,148,Wrigley's Field,"Bills, Buffalo BUF Def"
2023,15.09,149,Young Guns,"Falcons, Atlanta ATL TMPK"
2023,15.1,150,Dazed & Confused,"Bigsby, Tank JAC RB (R)"
2023,16.01,151,Dazed & Confused,"Collins, Nico HOU WR"
2023,16.02,152,Young Guns,"Jets, New York NYJ Def"
2023,16.03,153,Wrigley's Field,"Okonkwo, Chigoziem TEN TE"
2023,16.04,154,DDC,"Spears, Tyjae TEN RB (R)"
2023,16.05,155,Badass Mother Fucker,"Eagles, Philadelphia PHI TMPK"
2023,16.06,156,Jefe,"Cowboys, Dallas DAL TMPK"
2023,16.07,157,Lil K,"Johnson, Roschon CHI RB (R)"
2023,16.08,158,Bob the Third,"Chark, D.J. CAR WR"
2023,16.09,159,Neidermeyer,"Jaguars, Jacksonville JAC Def"
2023,16.1,160,LOUDEN SWAIN,"Meyers, Jakobi LVR WR"
2023,17.01,161,LOUDEN SWAIN,"Chiefs, Kansas City KCC Def"
2023,17.02,162,Neidermeyer,"Mingo, Jonathan CAR WR (R)"
2023,17.03,163,Bob the Third,"Hull, Evan IND RB (R)"
2023,17.04,164,Lil K,"Jones, Zay JAC WR"
2023,17.05,165,Jefe,"Steelers, Pittsburgh PIT Def"
2023,17.06,166,Badass Mother Fucker,"Jefferson, Van ATL WR"
2023,17.07,167,DDC,"Thielen, Adam CAR WR"
2023,17.08,168,Wrigley's Field,"Jones, Mac NEP QB"
2023,17.09,169,Young Guns,"Higbee, Tyler LAR TE"
2023,17.1,170,Dazed & Confused,"Saints, New Orleans NOS Def"
2023,18.01,171,Dazed & Confused,"Ravens, Baltimore BAL Def"
2023,18.02,172,Young Guns,"Mims, Marvin DEN WR (R)"
2023,18.03,173,Wrigley's Field,"Mooney, Darnell CHI WR"
2023,18.04,174,DDC,"Tannehill, Ryan TEN QB"
2023,18.05,175,Badass Mother Fucker,"Murray, Kyler ARI QB"
2023,18.06,176,Jefe,"Fournette, Leonard FA RB"
2023,18.07,177,Lil K,"Reed, Jayden GBP WR (R)"
2023,18.08,178,Bob the Third,"Bears, Chicago CHI Def"
2023,18.09,179,Neidermeyer,"Henry, Hunter NEP TE"
2023,18.1,180,LOUDEN SWAIN,"Chargers, Los Angeles LAC TMPK"
2023,19.01,181,LOUDEN SWAIN,"Singletary, Devin HOU RB"
2023,19.02,182,Neidermeyer,"Hodgins, Isaiah NYG WR"
2023,19.03,183,Bob the Third,"Johnson, Juwan NOS TE"
2023,19.04,184,Lil K,"Miller, Kendre NOS RB (R)"
2023,19.05,185,Jefe,"Williams, Jameson DET WR"
2023,19.06,186,Badass Mother Fucker,"Moss, Zack IND RB"
2023,19.07,187,DDC,"Hunt, Kareem CLE RB"
2023,19.08,188,Wrigley's Field,"Penny, Rashaad PHI RB"
2023,19.09,189,Young Guns,"Jackson, Deon NYG RB"
2023,19.1,190,Dazed & Confused,"Schultz, Dalton HOU TE"
2023,20.01,191,Dazed & Confused,"Giants, New York NYG TMPK"
2023,20.02,192,Young Guns,"Valdes-Scantling, Marquez KCC WR"
2023,20.03,193,Wrigley's Field,"Packers, Green Bay GBP Def"
2023,20.04,194,DDC,"Boyd, Tyler CIN WR"
2023,20.05,195,Badass Mother Fucker,"Palmer, Josh LAC WR"
2023,20.06,196,Jefe,"Levis, Will TEN QB (R)"
2023,20.07,197,Lil K,"Vaughn, Deuce DAL RB (R)"
2023,20.08,198,Bob the Third,"Brown, Chase CIN RB (R)"
2023,20.09,199,Neidermeyer,"Dell, Tank HOU WR (R)"
2023,20.1,200,LOUDEN SWAIN,Timer Expired
2022,1.01,1,LOUDEN SWAIN,"Taylor, Jonathan IND RB"
2022,1.02,2,Badass Mother Fucker,"McCaffrey, Christian SFO RB"
2022,1.03,3,Dazed & Confused,"Allen, Josh BUF QB"
2022,1.04,4,Young Guns,"Jefferson, Justin MIN WR"
2022,1.05,5,Neidermeyer,"Herbert, Justin LAC QB"
2022,1.06,6,It's All Good Mannn,"Mahomes, Patrick KCC QB"
2022,1.07,7,Jefe,"Cook, Dalvin MIN RB"
2022,1.08,8,Bob the Third,"Hurts, Jalen PHI QB"
2022,1.09,9,Lil K,"Kupp, Cooper LAR WR"
2022,1.1,10,DDC,"Ekeler, Austin LAC RB"
2022,2.01,11,DDC,"Henry, Derrick TEN RB"
2022,2.02,12,Lil K,"Chase, Ja'Marr CIN WR"
2022,2.03,13,Bob the Third,"Harris, Najee PIT RB"
2022,2.04,14,Jefe,"Fournette, Leonard TBB RB"
2022,2.05,15,It's All Good Mannn,"Adams, Davante LVR WR"
2022,2.06,16,Neidermeyer,"Barkley, Saquon NYG RB"
2022,2.07,17,Young Guns,"Mixon, Joe CIN RB"
2022,2.08,18,Dazed & Confused,"Diggs, Stefon BUF WR"
2022,2.09,19,Badass Mother Fucker,"Kamara, Alvin NOS RB"
2022,2.1,20,LOUDEN SWAIN,"Brady, Tom TBB QB"
2022,3.01,21,LOUDEN SWAIN,"Murray, Kyler ARI QB"
2022,3.02,22,Badass Mother Fucker,"Lamb, CeeDee DAL WR"
2022,3.03,23,Dazed & Confused,"Jones, Aaron GBP RB"
2022,3.04,24,Young Guns,"Jackson, Lamar BAL QB"
2022,3.05,25,Neidermeyer,"Williams, Javonte DEN RB"
2022,3.06,26,It's All Good Mannn,"Swift, D'Andre DET RB"
2022,3.07,27,Jefe,"Allen, Keenan LAC WR"
2022,3.08,28,Bob the Third,"Samuel, Deebo SFO WR"
2022,3.09,29,Lil K,"Kelce, Travis KCC TE"
2022,3.1,30,DDC,"Burrow, Joe CIN QB"
2022,4.01,31,DDC,"Wilson, Russell DEN QB"
2022,4.02,32,Lil K,"Chubb, Nick CLE RB"
2022,4.03,33,Bob the Third,"Andrews, Mark BAL TE"
2022,4.04,34,Jefe,"Hill, Tyreek MIA WR"
2022,4.05,35,It's All Good Mannn,"Rodgers, Aaron GBP QB"
2022,4.06,36,Neidermeyer,"Conner, James ARI RB"
2022,4.07,37,Young Guns,"Evans, Mike TBB WR"
2022,4.08,38,Dazed & Confused,"Stafford, Matthew LAR QB"
2022,4.09,39,Badass Mother Fucker,"Prescott, Dak DAL QB"
2022,4.1,40,LOUDEN SWAIN,"Pitts, Kyle ATL TE"
2022,5.01,41,LOUDEN SWAIN,"Higgins, Tee CIN WR"
2022,5.02,42,Badass Mother Fucker,"Carr, Derek LVR QB"
2022,5.03,43,Dazed & Confused,"Pittman, Michael IND WR"
2022,5.04,44,Young Guns,"Cousins, Kirk MIN QB"
2022,5.05,45,Neidermeyer,"Williams, Mike LAC WR"
2022,5.06,46,It's All Good Mannn,"Montgomery, David CHI RB"
2022,5.07,47,Jefe,"Johnson, Diontae PIT WR"
2022,5.08,48,Bob the Third,"Lance, Trey SFO QB"
2022,5.09,49,Lil K,"Etienne, Travis JAC RB"
2022,5.1,50,DDC,"Brown, A.J. PHI WR"
2022,6.01,51,DDC,"Waller, Darren LVR TE"
2022,6.02,52,Lil K,"Elliott, Ezekiel DAL RB"
2022,6.03,53,Bob the Third,"Hall, Breece NYJ RB (R)"
2022,6.04,54,Jefe,"Tannehill, Ryan TEN QB"
2022,6.05,55,It's All Good Mannn,"Sutton, Courtland DEN WR"
2022,6.06,56,Neidermeyer,"Kittle, George SFO TE"
2022,6.07,57,Young Guns,"Moore, D.J. CAR WR"
2022,6.08,58,Dazed & Confused,"Edmonds, Chase DEN RB"
2022,6.09,59,Badass Mother Fucker,"McLaurin, Terry WAS WR"
2022,6.1,60,LOUDEN SWAIN,"St. Brown, Amon-Ra DET WR"
2022,7.01,61,LOUDEN SWAIN,"Akers, Cam LAR RB"
2022,7.02,62,Badass Mother Fucker,"Cooks, Brandin HOU WR"
2022,7.03,63,Dazed & Confused,"Smith-Schuster, JuJu KCC WR"
2022,7.04,64,Young Guns,"Thielen, Adam MIN WR"
2022,7.05,65,Neidermeyer,"Metcalf, DK SEA WR"
2022,7.06,66,It's All Good Mannn,"Goedert, Dallas PHI TE"
2022,7.07,67,Jefe,"Schultz, Dalton DAL TE"
2022,7.08,68,Bob the Third,"Waddle, Jaylen MIA WR"
2022,7.09,69,Lil K,"Cooper, Amari CLE WR"
2022,7.1,70,DDC,"Robinson, Allen LAR WR"
2022,8.01,71,DDC,"Dillon, AJ GBP RB"
2022,8.02,72,Lil K,"Fields, Justin CHI QB"
2022,8.03,73,Bob the Third,"Mooney, Darnell CHI WR"
2022,8.04,74,Jefe,"Jacobs, Josh LVR RB"
2022,8.05,75,It's All Good Mannn,"Mitchell, Elijah SFO RB"
2022,8.06,76,Neidermeyer,"Winston, Jameis NOS QB"
2022,8.07,77,Young Guns,"Edwards-Helaire, Clyde KCC RB"
2022,8.08,78,Dazed & Confused,"Godwin, Chris TBB WR"
2022,8.09,79,Badass Mother Fucker,"Thomas, Michael NOS WR"
2022,8.1,80,LOUDEN SWAIN,"Dobbins, J.K. BAL RB"
2022,9.01,81,LOUDEN SWAIN,"Bateman, Rashod BAL WR"
2022,9.02,82,Badass Mother Fucker,"Brown, Marquise ARI WR"
2022,9.03,83,Dazed & Confused,"Pierce, Dameon HOU RB (R)"
2022,9.04,84,Young Guns,"Gibson, Antonio WAS RB"
2022,9.05,85,Neidermeyer,"Jeudy, Jerry DEN WR"
2022,9.06,86,It's All Good Mannn,"Davis, Gabriel BUF WR"
2022,9.07,87,Jefe,"Lockett, Tyler SEA WR"
2022,9.08,88,Bob the Third,"Renfrow, Hunter LVR WR"
2022,9.09,89,Lil K,"Kirk, Christian JAC WR"
2022,9.1,90,DDC,"Aiyuk, Brandon SFO WR"
2022,10.01,91,DDC,"Moore, Elijah NYJ WR"
2022,10.02,92,Lil K,"Tagovailoa, Tua MIA QB"
2022,10.03,93,Bob the Third,"Singletary, Devin BUF RB"
2022,10.04,94,Jefe,"Lawrence, Trevor JAC QB"
2022,10.05,95,It's All Good Mannn,"Lazard, Allen GBP WR"
2022,10.06,96,Neidermeyer,"Smith, DeVonta PHI WR"
2022,10.07,97,Young Guns,"Hockenson, T.J. MIN TE"
2022,10.08,98,Dazed & Confused,"Patterson, Cordarrelle ATL RB"
2022,10.09,99,Badass Mother Fucker,"Sanders, Miles PHI RB"
2022,10.1,100,LOUDEN SWAIN,"Penny, Rashaad SEA RB"
2022,11.01,101,LOUDEN SWAIN,"Ryan, Matt IND QB"
2022,11.02,102,Badass Mother Fucker,"Hunt, Kareem CLE RB"
2022,11.03,103,Dazed & Confused,"Freiermuth, Pat PIT TE"
2022,11.04,104,Young Guns,"Pollard, Tony DAL RB"
2022,11.05,105,Neidermeyer,"Bills, Buffalo BUF Def"
2022,11.06,106,It's All Good Mannn,"Cook, James BUF RB (R)"
2022,11.07,107,Jefe,"Harris, Damien NEP RB"
2022,11.08,108,Bob the Third,"Moore, Skyy KCC WR (R)"
2022,11.09,109,Lil K,"Walker III, Kenneth SEA RB (R)"
2022,11.1,110,DDC,"Stevenson, Rhamondre NEP RB"
2022,12.01,111,DDC,"London, Drake ATL WR (R)"
2022,12.02,112,Lil K,"Olave, Chris NOS WR (R)"
2022,12.03,113,Bob the Third,"Jones, Mac NEP QB"
2022,12.04,114,Jefe,"Knox, Dawson BUF TE"
2022,12.05,115,It's All Good Mannn,"Ravens, Baltimore BAL TMPK"
2022,12.06,116,Neidermeyer,"Burks, Treylon TEN WR (R)"
2022,12.07,117,Young Guns,"Hines, Nyheim BUF RB"
2022,12.08,118,Dazed & Confused,"Hopkins, DeAndre ARI WR"
2022,12.09,119,Badass Mother Fucker,"Ertz, Zach ARI TE"
2022,12.1,120,LOUDEN SWAIN,"Woods, Robert TEN WR"
2022,13.01,121,LOUDEN SWAIN,"Allgeier, Tyler ATL RB (R)"
2022,13.02,122,Badass Mother Fucker,"Foreman, D'Onta CAR RB"
2022,13.03,123,Dazed & Confused,"Mayfield, Baker LAR QB"
2022,13.04,124,Young Guns,"Henderson, Darrell FA RB"
2022,13.05,125,Neidermeyer,"Mills, Davis HOU QB"
2022,13.06,126,It's All Good Mannn,"Williams, Jamaal DET RB"
2022,13.07,127,Jefe,"Carter, Michael NYJ RB"
2022,13.08,128,Bob the Third,"Dotson, Jahan WAS WR (R)"
2022,13.09,129,Lil K,"Jones, Daniel NYG QB"
2022,13.1,130,DDC,"Toney, Kadarius KCC WR"
2022,14.01,131,DDC,"Goff, Jared DET QB"
2022,14.02,132,Lil K,"Gordon, Melvin KCC RB"
2022,14.03,133,Bob the Third,"Rams, Los Angeles LAR Def"
2022,14.04,134,Jefe,"Chark, D.J. DET WR"
2022,14.05,135,It's All Good Mannn,"Pickett, Kenny PIT QB (R)"
2022,14.06,136,Neidermeyer,"Kmet, Cole CHI TE"
2022,14.07,137,Young Guns,"Mattison, Alexander MIN RB"
2022,14.08,138,Dazed & Confused,"Robinson, James NYJ RB"
2022,14.09,139,Badass Mother Fucker,"Gesicki, Mike MIA TE"
2022,14.1,140,LOUDEN SWAIN,"Brate, Cameron TBB TE"
2022,15.01,141,LOUDEN SWAIN,"Claypool, Chase CHI WR"
2022,15.02,142,Badass Mother Fucker,"Wentz, Carson WAS QB"
2022,15.03,143,Dazed & Confused,"Parker, DeVante NEP WR"
2022,15.04,144,Young Guns,"Mariota, Marcus ATL QB"
2022,15.05,145,Neidermeyer,"Pickens, George PIT WR (R)"
2022,15.06,146,It's All Good Mannn,"Herbert, Khalil CHI RB"
2022,15.07,147,Jefe,"Garoppolo, Jimmy SFO QB"
2022,15.08,148,Bob the Third,"McKissic, J.D. WAS RB"
2022,15.09,149,Lil K,"Boyd, Tyler CIN WR"
2022,15.1,150,DDC,"Rams, Los Angeles LAR TMPK"
2022,16.01,151,DDC,"Buccaneers, Tampa Bay TBB Def"
2022,16.02,152,Lil K,"Chiefs, Kansas City KCC TMPK"
2022,16.03,153,Bob the Third,"Higbee, Tyler LAR TE"
2022,16.04,154,Jefe,"Saints, New Orleans NOS Def"
2022,16.05,155,It's All Good Mannn,"Colts, Indianapolis IND Def"
2022,16.06,156,Neidermeyer,"Pacheco, Isiah KCC RB (R)"
2022,16.07,157,Young Guns,"49ers, San Francisco SFO Def"
2022,16.08,158,Dazed & Confused,"Ravens, Baltimore BAL Def"
2022,16.09,159,Badass Mother Fucker,"Patriots, New England NEP Def"
2022,16.1,160,LOUDEN SWAIN,"Cowboys, Dallas DAL Def"
2022,17.01,161,LOUDEN SWAIN,"Gallup, Michael DAL WR"
2022,17.02,162,Badass Mother Fucker,"Bills, Buffalo BUF TMPK"
2022,17.03,163,Dazed & Confused,"Eagles, Philadelphia PHI Def"
2022,17.04,164,Young Guns,"Bengals, Cincinnati CIN TMPK"
2022,17.05,165,Neidermeyer,"Gainwell, Kenneth PHI RB"
2022,17.06,166,It's All Good Mannn,"Valdes-Scantling, Marquez KCC WR"
2022,17.07,167,Jefe,"Buccaneers, Tampa Bay TBB TMPK"
2022,17.08,168,Bob the Third,"Cardinals, Arizona ARI TMPK"
2022,17.09,169,Lil K,"Steelers, Pittsburgh PIT Def"
2022,17.1,170,DDC,"Spiller, Isaiah LAC RB (R)"
2022,18.01,171,DDC,"White, Rachaad TBB RB (R)"
2022,18.02,172,Lil K,"Packers, Green Bay GBP Def"
2022,18.03,173,Bob the Third,"Snell, Benny PIT RB"
2022,18.04,174,Jefe,"McKinnon, Jerick KCC RB"
2022,18.05,175,It's All Good Mannn,"Okwuegbunam, Albert DEN TE"
2022,18.06,176,Neidermeyer,"Raiders, Las Vegas LVR TMPK"
2022,18.07,177,Young Guns,"Njoku, David CLE TE"
2022,18.08,178,Dazed & Confused,"Vikings, Minnesota MIN TMPK"
2022,18.09,179,Badass Mother Fucker,"Wilson, Zach NYJ QB"
2022,18.1,180,LOUDEN SWAIN,"Robinson, Brian WAS RB (R)"
2022,19.01,181,LOUDEN SWAIN,"Watson, Deshaun CLE QB"
2022,19.02,182,Badass Mother Fucker,"Mostert, Raheem MIA RB"
2022,19.03,183,Dazed & Confused,"Henry, Hunter NEP TE"
2022,19.04,184,Young Guns,"Watkins, Sammy BAL WR"
2022,19.05,185,Neidermeyer,"White, Zamir LVR RB (R)"
2022,19.06,186,It's All Good Mannn,"Doubs, Romeo GBP WR (R)"
2022,19.07,187,Jefe,"Davis, Corey NYJ WR"
2022,19.08,188,Bob the Third,"Watson, Christian GBP WR (R)"
2022,19.09,189,Lil K,"Smith Jr., Irv MIN TE"
2022,19.1,190,DDC,"Haskins, Hassan TEN RB (R)"
2022,20.01,191,DDC,"Broncos, Denver DEN Def"
2022,20.02,192,Lil K,"Jones, Marvin JAC WR"
2022,20.03,193,Bob the Third,"Smith, Geno SEA QB"
2022,20.04,194,Jefe,"Hardman, Mecole KCC WR"
2022,20.05,195,It's All Good Mannn,"Wilson, Garrett NYJ WR (R)"
2022,20.06,196,Neidermeyer,"Tolbert, Jalen DAL WR (R)"
2022,20.07,197,Young Guns,"Collins, Nico HOU WR"
2022,20.08,198,Dazed & Confused,"Williams, Darrel ARI RB"
2022,20.09,199,Badass Mother Fucker,"Meyers, Jakobi NEP WR"
2022,20.1,200,LOUDEN SWAIN,"49ers, San Francisco SFO TMPK"
2021,1.01,1,Jefe,"McCaffrey, Christian CAR RB"
2021,1.02,2,Lil K,"Kamara, Alvin NOS RB"
2021,1.03,3,Young Guns,"Cook, Dalvin MIN RB"
2021,1.04,4,Badass Mother Fucker,"Mahomes, Patrick KCC QB"
2021,1.05,5,Highlight Reel,"Elliott, Ezekiel DAL RB"
2021,1.06,6,LOUDEN SWAIN,"Henry, Derrick TEN RB"
2021,1.07,7,Dazed & Confused,"Ekeler, Austin LAC RB"
2021,1.08,8,DDC,"Adams, Davante GBP WR"
2021,1.09,9,Keyser Soze,"Kelce, Travis KCC TE"
2021,1.1,10,BOB says FUCK CANCER!!,"Jones, Aaron GBP RB"
2021,2.01,11,BOB says FUCK CANCER!!,"Barkley, Saquon NYG RB"
2021,2.02,12,Keyser Soze,"Allen, Josh BUF QB"
2021,2.03,13,DDC,"Chubb, Nick CLE RB"
2021,2.04,14,Dazed & Confused,"Murray, Kyler ARI QB"
2021,2.05,15,LOUDEN SWAIN,"Taylor, Jonathan IND RB"
2021,2.06,16,Highlight Reel,"Gibson, Antonio WAS RB"
2021,2.07,17,Badass Mother Fucker,"Harris, Najee PIT RB (R)"
2021,2.08,18,Young Guns,"Hill, Tyreek KCC WR"
2021,2.09,19,Lil K,"Diggs, Stefon BUF WR"
2021,2.1,20,Jefe,"Ridley, Calvin ATL WR"
2021,3.01,21,Jefe,"Hopkins, DeAndre ARI WR"
2021,3.02,22,Lil K,"Wilson, Russell SEA QB"
2021,3.03,23,Young Guns,"Metcalf, DK SEA WR"
2021,3.04,24,Badass Mother Fucker,"Jefferson, Justin MIN WR"
2021,3.05,25,Highlight Reel,"Prescott, Dak DAL QB"
2021,3.06,26,LOUDEN SWAIN,"Rodgers, Aaron GBP QB"
2021,3.07,27,Dazed & Confused,"Jackson, Lamar BAL QB"
2021,3.08,28,DDC,"Brady, Tom TBB QB"
2021,3.09,29,Keyser Soze,"Herbert, Justin LAC QB"
2021,3.1,30,BOB says FUCK CANCER!!,"Tannehill, Ryan TEN QB"
2021,4.01,31,BOB says FUCK CANCER!!,"Waller, Darren LVR TE"
2021,4.02,32,Keyser Soze,"Robinson, James JAC RB"
2021,4.03,33,DDC,"Brown, A.J. TEN WR"
2021,4.04,34,Dazed & Confused,"Kittle, George SFO TE"
2021,4.05,35,LOUDEN SWAIN,"Stafford, Matthew LAR QB"
2021,4.06,36,Highlight Reel,"Allen, Keenan LAC WR"
2021,4.07,37,Badass Mother Fucker,"Mixon, Joe CIN RB"
2021,4.08,38,Young Guns,"Burrow, Joe CIN QB"
2021,4.09,39,Lil K,"Robinson, Allen CHI WR"
2021,4.1,40,Jefe,"Edwards-Helaire, Clyde KCC RB"
2021,5.01,41,Jefe,"Montgomery, David CHI RB"
2021,5.02,42,Lil K,"Swift, D'Andre DET RB"
2021,5.03,43,Young Guns,"Cousins, Kirk MIN QB"
2021,5.04,44,Badass Mother Fucker,"Hurts, Jalen PHI QB"
2021,5.05,45,Highlight Reel,"McLaurin, Terry WAS WR"
2021,5.06,46,LOUDEN SWAIN,"Godwin, Chris TBB WR"
2021,5.07,47,Dazed & Confused,"Woods, Robert LAR WR"
2021,5.08,48,DDC,"Carson, Chris SEA RB"
2021,5.09,49,Keyser Soze,"Edwards, Gus BAL RB"
2021,5.1,50,BOB says FUCK CANCER!!,"Lamb, CeeDee DAL WR"
2021,6.01,51,BOB says FUCK CANCER!!,"Sutton, Courtland DEN WR"
2021,6.02,52,Keyser Soze,"Gaskin, Myles MIA RB"
2021,6.03,53,DDC,"Jacobs, Josh LVR RB"
2021,6.04,54,Dazed & Confused,"Sanders, Miles PHI RB"
2021,6.05,55,LOUDEN SWAIN,"Pitts, Kyle ATL TE (R)"
2021,6.06,56,Highlight Reel,"Jones, Julio TEN WR"
2021,6.07,57,Badass Mother Fucker,"Evans, Mike TBB WR"
2021,6.08,58,Young Guns,"Cooper, Amari DAL WR"
2021,6.09,59,Lil K,"Lockett, Tyler SEA WR"
2021,6.1,60,Jefe,"Carr, Derek LVR QB"
2021,7.01,61,Jefe,"Andrews, Mark BAL TE"
2021,7.02,62,Lil K,"Thielen, Adam MIN WR"
2021,7.03,63,Young Guns,"Kupp, Cooper LAR WR"
2021,7.04,64,Badass Mother Fucker,"Moore, D.J. CAR WR"
2021,7.05,65,Highlight Reel,"Mostert, Raheem SFO RB"
2021,7.06,66,LOUDEN SWAIN,"Johnson, Diontae PIT WR"
2021,7.07,67,Dazed & Confused,"Smith-Schuster, JuJu PIT WR"
2021,7.08,68,DDC,"Hockenson, T.J. DET TE"
2021,7.09,69,Keyser Soze,"Higgins, Tee CIN WR"
2021,7.1,70,BOB says FUCK CANCER!!,"Roethlisberger, Ben PIT QB"
2021,8.01,71,BOB says FUCK CANCER!!,"Anderson, Robby CAR WR"
2021,8.02,72,Keyser Soze,"Davis, Corey NYJ WR"
2021,8.03,73,DDC,"Williams, Javonte DEN RB (R)"
2021,8.04,74,Dazed & Confused,"Jeudy, Jerry DEN WR"
2021,8.05,75,LOUDEN SWAIN,"Harris, Damien NEP RB"
2021,8.06,76,Highlight Reel,"Ryan, Matt ATL QB"
2021,8.07,77,Badass Mother Fucker,"Mayfield, Baker CLE QB"
2021,8.08,78,Young Guns,"Henderson, Darrell LAR RB"
2021,8.09,79,Lil K,"Tagovailoa, Tua MIA QB"
2021,8.1,80,Jefe,"Cooks, Brandin HOU WR"
2021,9.01,81,Jefe,"Lawrence, Trevor JAC QB (R)"
2021,9.02,82,Lil K,"Hunt, Kareem CLE RB"
2021,9.03,83,Young Guns,"Edmonds, Chase ARI RB"
2021,9.04,84,Badass Mother Fucker,"Davis, Mike ATL RB"
2021,9.05,85,Highlight Reel,"Fitzpatrick, Ryan WAS QB"
2021,9.06,86,LOUDEN SWAIN,"Beckham, Odell LAR WR"
2021,9.07,87,Dazed & Confused,"Aiyuk, Brandon SFO WR"
2021,9.08,88,DDC,"Fields, Justin CHI QB (R)"
2021,9.09,89,Keyser Soze,"Callaway, Marquez NOS WR"
2021,9.1,90,BOB says FUCK CANCER!!,"Michel, Sony LAR RB"
2021,10.01,91,BOB says FUCK CANCER!!,"Chase, Ja'Marr CIN WR (R)"
2021,10.02,92,Keyser Soze,"Winston, Jameis NOS QB"
2021,10.03,93,DDC,"Claypool, Chase PIT WR"
2021,10.04,94,Dazed & Confused,"Boyd, Tyler CIN WR"
2021,10.05,95,LOUDEN SWAIN,"Jones, Mac NEP QB (R)"
2021,10.06,96,Highlight Reel,"Sermon, Trey SFO RB (R)"
2021,10.07,97,Badass Mother Fucker,"Fant, Noah DEN TE"
2021,10.08,98,Young Guns,"Fournette, Leonard TBB RB"
2021,10.09,99,Lil K,"Shenault, Laviska JAC WR"
2021,10.1,100,Jefe,"Landry, Jarvis CLE WR"
2021,11.01,101,Jefe,"McKissic, J.D. WAS RB"
2021,11.02,102,Lil K,"Tonyan, Robert GBP TE"
2021,11.03,103,Young Guns,"Higbee, Tyler LAR TE"
2021,11.04,104,Badass Mother Fucker,"Golladay, Kenny NYG WR"
2021,11.05,105,Highlight Reel,"Smith, DeVonta PHI WR (R)"
2021,11.06,106,LOUDEN SWAIN,"Samuel, Deebo SFO WR"
2021,11.07,107,Dazed & Confused,"Gordon, Melvin DEN RB"
2021,11.08,108,DDC,"Brown, Antonio FA WR"
2021,11.09,109,Keyser Soze,"Williams, Jamaal DET RB"
2021,11.1,110,BOB says FUCK CANCER!!,"Wilson, Zach NYJ QB (R)"
2021,12.01,111,BOB says FUCK CANCER!!,"Pittman, Michael IND WR"
2021,12.02,112,Keyser Soze,"Thomas, Michael NOS WR"
2021,12.03,113,DDC,"Darnold, Sam CAR QB"
2021,12.04,114,Dazed & Confused,"Jones, Ronald TBB RB"
2021,12.05,115,LOUDEN SWAIN,"Carter, Michael NYJ RB (R)"
2021,12.06,116,Highlight Reel,"Lance, Trey SFO QB (R)"
2021,12.07,117,Badass Mother Fucker,"Chark, D.J. JAC WR"
2021,12.08,118,Young Guns,"Pollard, Tony DAL RB"
2021,12.09,119,Lil K,"Wentz, Carson IND QB"
2021,12.1,120,Jefe,"Moss, Zack BUF RB"
2021,13.01,121,Jefe,"Williams, Tyrell FA WR"
2021,13.02,122,Lil K,"Waddle, Jaylen MIA WR (R)"
2021,13.03,123,Young Guns,"Dillon, AJ GBP RB"
2021,13.04,124,Badass Mother Fucker,"Drake, Kenyan LVR RB"
2021,13.05,125,Highlight Reel,"Thomas, Logan WAS TE"
2021,13.06,126,LOUDEN SWAIN,"Singletary, Devin BUF RB"
2021,13.07,127,Dazed & Confused,"Meyers, Jakobi NEP WR"
2021,13.08,128,DDC,"Bridgewater, Teddy DEN QB"
2021,13.09,129,Keyser Soze,"Gesicki, Mike MIA TE"
2021,13.1,130,BOB says FUCK CANCER!!,"Williams, Darrel KCC RB"
2021,14.01,131,BOB says FUCK CANCER!!,"Booker, Devontae NYG RB"
2021,14.02,132,Keyser Soze,"Mooney, Darnell CHI WR"
2021,14.03,133,DDC,"Hines, Nyheim IND RB"
2021,14.04,134,Dazed & Confused,"Goff, Jared DET QB"
2021,14.05,135,LOUDEN SWAIN,"Ruggs, Henry FA WR"
2021,14.06,136,Highlight Reel,"Smith, Jonnu NEP TE"
2021,14.07,137,Badass Mother Fucker,"Conner, James ARI RB"
2021,14.08,138,Young Guns,"Shepard, Sterling NYG WR"
2021,14.09,139,Lil K,"White, James NEP RB"
2021,14.1,140,Jefe,"Johnson, David HOU RB"
2021,15.01,141,Jefe,"Parker, DeVante MIA WR"
2021,15.02,142,Lil K,"Steelers, Pittsburgh PIT Def"
2021,15.03,143,Young Guns,"Goedert, Dallas PHI TE"
2021,15.04,144,Badass Mother Fucker,"Rams, Los Angeles LAR Def"
2021,15.05,145,Highlight Reel,"Fuller, Will MIA WR"
2021,15.06,146,LOUDEN SWAIN,"Buccaneers, Tampa Bay TBB Def"
2021,15.07,147,Dazed & Confused,"Jones, Marvin JAC WR"
2021,15.08,148,DDC,"Gallup, Michael DAL WR"
2021,15.09,149,Keyser Soze,"Gainwell, Kenneth PHI RB (R)"
2021,15.1,150,BOB says FUCK CANCER!!,"FootballTeam, Washington WAS Def"
2021,16.01,151,BOB says FUCK CANCER!!,"Ravens, Baltimore BAL TMPK"
2021,16.02,152,Keyser Soze,"49ers, San Francisco SFO Def"
2021,16.03,153,DDC,"Hardman, Mecole KCC WR"
2021,16.04,154,Dazed & Confused,"Jackson, Justin LAC RB"
2021,16.05,155,LOUDEN SWAIN,"Gage, Russell ATL WR"
2021,16.06,156,Highlight Reel,"Chiefs, Kansas City KCC TMPK"
2021,16.07,157,Badass Mother Fucker,"Samuel, Curtis WAS WR"
2021,16.08,158,Young Guns,"Bills, Buffalo BUF Def"
2021,16.09,159,Lil K,"Stevenson, Rhamondre NEP RB (R)"
2021,16.1,160,Jefe,"Cook, Jared LAC TE"
2021,17.01,161,Jefe,"Patriots, New England NEP Def"
2021,17.02,162,Lil K,"Hubbard, Chuba CAR RB (R)"
2021,17.03,163,Young Guns,"Raiders, Las Vegas LVR TMPK"
2021,17.04,164,Badass Mother Fucker,"Falcons, Atlanta ATL TMPK"
2021,17.05,165,Highlight Reel,"Broncos, Denver DEN Def"
2021,17.06,166,LOUDEN SWAIN,"Jones, Daniel NYG QB"
2021,17.07,167,Dazed & Confused,"Ravens, Baltimore BAL Def"
2021,17.08,168,DDC,"Buccaneers, Tampa Bay TBB TMPK"
2021,17.09,169,Keyser Soze,"Moore, Elijah NYJ WR (R)"
2021,17.1,170,BOB says FUCK CANCER!!,"Williams, Damien CHI RB"
2021,18.01,171,BOB says FUCK CANCER!!,"Crowder, Jamison NYJ WR"
2021,18.02,172,Keyser Soze,"Dolphins, Miami MIA TMPK"
2021,18.03,173,DDC,"Edwards, Bryan LVR WR"
2021,18.04,174,Dazed & Confused,"Hooper, Austin CLE TE"
2021,18.05,175,LOUDEN SWAIN,"Ertz, Zach ARI TE"
2021,18.06,176,Highlight Reel,"Gallman, Wayne MIN RB"
2021,18.07,177,Badass Mother Fucker,"Williams, Mike LAC WR"
2021,18.08,178,Young Guns,"Beasley, Cole BUF WR"
2021,18.09,179,Lil K,"Bills, Buffalo BUF TMPK"
2021,18.1,180,Jefe,"Cowboys, Dallas DAL TMPK"
2020,1.01,1,Dazed & Confused,"McCaffrey, Christian CAR RB"
2020,1.02,2,Victorious Secret,"Barkley, Saquon NYG RB"
2020,1.03,3,BEGBIE and SPUD,"Elliott, Ezekiel DAL RB"
2020,1.04,4,DDC,"Mahomes, Patrick KCC QB"
2020,1.05,5,Lil K,"Edwards-Helaire, Clyde KCC RB (R)"
2020,1.06,6,Jefe,"Jackson, Lamar BAL QB"
2020,1.07,7,BOB says FUCK CANCER!!,"Kamara, Alvin NOS RB"
2020,1.08,8,Badass Mother Fucker,"Thomas, Michael NOS WR"
2020,1.09,9,Keyser Soze,"Cook, Dalvin MIN RB"
2020,1.1,10,Young Guns,"Henry, Derrick TEN RB"
2020,2.01,11,Young Guns,"Adams, Davante GBP WR"
2020,2.02,12,Keyser Soze,"Ekeler, Austin LAC RB"
2020,2.03,13,Badass Mother Fucker,"Jones, Julio ATL WR"
2020,2.04,14,BOB says FUCK CANCER!!,"Kelce, Travis KCC TE"
2020,2.05,15,Jefe,"Jones, Aaron GBP RB"
2020,2.06,16,Lil K,"Hill, Tyreek KCC WR"
2020,2.07,17,DDC,"Jacobs, Josh LVR RB"
2020,2.08,18,BEGBIE and SPUD,"Mixon, Joe CIN RB"
2020,2.09,19,Victorious Secret,"Prescott, Dak DAL QB"
2020,2.1,20,Dazed & Confused,"Sanders, Miles PHI RB"
2020,3.01,21,Dazed & Confused,"Hopkins, DeAndre ARI WR"
2020,3.02,22,Victorious Secret,"Wilson, Russell SEA QB"
2020,3.03,23,BEGBIE and SPUD,"Watson, Deshaun HOU QB"
2020,3.04,24,DDC,"Chubb, Nick CLE RB"
2020,3.05,25,Lil K,"Godwin, Chris TBB WR"
2020,3.06,26,Jefe,"Gurley, Todd ATL RB"
2020,3.07,27,BOB says FUCK CANCER!!,"Murray, Kyler ARI QB"
2020,3.08,28,Badass Mother Fucker,"Conner, James PIT RB"
2020,3.09,29,Keyser Soze,"Kittle, George SFO TE"
2020,3.1,30,Young Guns,"Ryan, Matt ATL QB"
2020,4.01,31,Young Guns,"Golladay, Kenny DET WR"
2020,4.02,32,Keyser Soze,"Brees, Drew NOS QB"
2020,4.03,33,Badass Mother Fucker,"Carson, Chris SEA RB"
2020,4.04,34,BOB says FUCK CANCER!!,"Beckham, Odell CLE WR"
2020,4.05,35,Jefe,"Thielen, Adam MIN WR"
2020,4.06,36,Lil K,"Brady, Tom TBB QB"
2020,4.07,37,DDC,"Drake, Kenyan ARI RB"
2020,4.08,38,BEGBIE and SPUD,"Allen, Josh BUF QB"
2020,4.09,39,Victorious Secret,"Moore, D.J. CAR WR"
2020,4.1,40,Dazed & Confused,"Evans, Mike TBB WR"
2020,5.01,41,Dazed & Confused,"Smith-Schuster, JuJu PIT WR"
2020,5.02,42,Victorious Secret,"Woods, Robert LAR WR"
2020,5.03,43,BEGBIE and SPUD,"Cooper, Amari DAL WR"
2020,5.04,44,DDC,"Robinson, Allen CHI WR"
2020,5.05,45,Lil K,"Gordon, Melvin DEN RB"
2020,5.06,46,Jefe,"Ertz, Zach PHI TE"
2020,5.07,47,BOB says FUCK CANCER!!,"Akers, Cam LAR RB (R)"
2020,5.08,48,Badass Mother Fucker,"Fournette, Leonard TBB RB"
2020,5.09,49,Keyser Soze,"Allen, Keenan LAC WR"
2020,5.1,50,Young Guns,"Johnson, David HOU RB"
2020,6.01,51,Young Guns,"Kupp, Cooper LAR WR"
2020,6.02,52,Keyser Soze,"Brown, A.J. TEN WR"
2020,6.03,53,Badass Mother Fucker,"Ridley, Calvin ATL WR"
2020,6.04,54,BOB says FUCK CANCER!!,"Sutton, Courtland DEN WR"
2020,6.05,55,Jefe,"Green, A.J. CIN WR"
2020,6.06,56,Lil K,"Taylor, Jonathan IND RB (R)"
2020,6.07,57,DDC,"Stafford, Matthew LAR QB"
2020,6.08,58,BEGBIE and SPUD,"Andrews, Mark BAL TE"
2020,6.09,59,Victorious Secret,"Chark, D.J. JAC WR"
2020,6.1,60,Dazed & Confused,"Wentz, Carson PHI QB"
2020,7.01,61,Dazed & Confused,"Rodgers, Aaron GBP QB"
2020,7.02,62,Victorious Secret,"McLaurin, Terry WAS WR"
2020,7.03,63,BEGBIE and SPUD,"Metcalf, DK SEA WR"
2020,7.04,64,DDC,"Lockett, Tyler SEA WR"
2020,7.05,65,Lil K,"Hunt, Kareem CLE RB"
2020,7.06,66,Jefe,"Newton, Cam NEP QB"
2020,7.07,67,BOB says FUCK CANCER!!,"Mayfield, Baker CLE QB"
2020,7.08,68,Badass Mother Fucker,"Roethlisberger, Ben PIT QB"
2020,7.09,69,Keyser Soze,"Mostert, Raheem SFO RB"
2020,7.1,70,Young Guns,"Goff, Jared DET QB"
2020,8.01,71,Young Guns,"Ingram, Mark FA RB"
2020,8.02,72,Keyser Soze,"Boyd, Tyler CIN WR"
2020,8.03,73,Badass Mother Fucker,"Jones, Daniel NYG QB"
2020,8.04,74,BOB says FUCK CANCER!!,"Fuller, Will HOU WR"
2020,8.05,75,Jefe,"Swift, D'Andre DET RB (R)"
2020,8.06,76,Lil K,"Gibson, Antonio WAS RB (R)"
2020,8.07,77,DDC,"Hilton, T.Y. IND WR"
2020,8.08,78,BEGBIE and SPUD,"Burrow, Joe CIN QB (R)"
2020,8.09,79,Victorious Secret,"Bell, Le'Veon KCC RB"
2020,8.1,80,Dazed & Confused,"Waller, Darren LVR TE"
2020,9.01,81,Dazed & Confused,"Singletary, Devin BUF RB"
2020,9.02,82,Victorious Secret,"Tannehill, Ryan TEN QB"
2020,9.03,83,BEGBIE and SPUD,"Parker, DeVante MIA WR"
2020,9.04,84,DDC,"Gallup, Michael DAL WR"
2020,9.05,85,Lil K,"Diggs, Stefon BUF WR"
2020,9.06,86,Jefe,"Landry, Jarvis CLE WR"
2020,9.07,87,BOB says FUCK CANCER!!,"Moss, Zack BUF RB (R)"
2020,9.08,88,Badass Mother Fucker,"Dobbins, J.K. BAL RB (R)"
2020,9.09,89,Keyser Soze,"Mattison, Alexander MIN RB"
2020,9.1,90,Young Guns,"Gronkowski, Rob TBB TE"
2020,10.01,91,Young Guns,"Cousins, Kirk MIN QB"
2020,10.02,92,Keyser Soze,"Carr, Derek LVR QB"
2020,10.03,93,Badass Mother Fucker,"Montgomery, David CHI RB"
2020,10.04,94,BOB says FUCK CANCER!!,"Jones, Marvin DET WR"
2020,10.05,95,Jefe,"Edelman, Julian NEP WR"
2020,10.06,96,Lil K,"Johnson, Diontae PIT WR"
2020,10.07,97,DDC,"Cooks, Brandin HOU WR"
2020,10.08,98,BEGBIE and SPUD,"Brown, Marquise BAL WR"
2020,10.09,99,Victorious Secret,"Mack, Marlon IND RB"
2020,10.1,100,Dazed & Confused,"Minshew, Gardner JAC QB"
2020,11.01,101,Dazed & Confused,"Slayton, Darius NYG WR"
2020,11.02,102,Victorious Secret,"Lindsay, Phillip DEN RB"
2020,11.03,103,BEGBIE and SPUD,"White, James NEP RB"
2020,11.04,104,DDC,"Engram, Evan NYG TE"
2020,11.05,105,Lil K,"Trubisky, Mitchell CHI QB"
2020,11.06,106,Jefe,"Johnson, Duke HOU RB"
2020,11.07,107,BOB says FUCK CANCER!!,"Howard, Jordan PHI RB"
2020,11.08,108,Badass Mother Fucker,"Crowder, Jamison NYJ WR"
2020,11.09,109,Keyser Soze,"Sanders, Emmanuel NOS WR"
2020,11.1,110,Young Guns,"Tate, Golden NYG WR"
2020,12.01,111,Young Guns,"Cohen, Tarik CHI RB"
2020,12.02,112,Keyser Soze,"Rivers, Philip FA QB"
2020,12.03,113,Badass Mother Fucker,"Samuel, Deebo SFO WR"
2020,12.04,114,BOB says FUCK CANCER!!,"Jefferson, Justin MIN WR (R)"
2020,12.05,115,Jefe,"Breida, Matt MIA RB"
2020,12.06,116,Lil K,"Garoppolo, Jimmy SFO QB"
2020,12.07,117,DDC,"Edmonds, Chase ARI RB"
2020,12.08,118,BEGBIE and SPUD,"Lamb, CeeDee DAL WR (R)"
2020,12.09,119,Victorious Secret,"Higbee, Tyler LAR TE"
2020,12.1,120,Dazed & Confused,"Scott, Boston PHI RB"
2020,13.01,121,Dazed & Confused,"Jeudy, Jerry DEN WR (R)"
2020,13.02,122,Victorious Secret,"Hurst, Hayden ATL TE"
2020,13.03,123,BEGBIE and SPUD,"Cook, Jared NOS TE"
2020,13.04,124,DDC,"Williams, Preston MIA WR"
2020,13.05,125,Lil K,"Miller, Anthony CHI WR"
2020,13.06,126,Jefe,"Thompson, Chris JAC RB"
2020,13.07,127,BOB says FUCK CANCER!!,"Darnold, Sam NYJ QB"
2020,13.08,128,Badass Mother Fucker,"Bridgewater, Teddy CAR QB"
2020,13.09,129,Keyser Soze,"49ers, San Francisco SFO Def"
2020,13.1,130,Young Guns,"Kirk, Christian ARI WR"
2020,14.01,131,Young Guns,"Steelers, Pittsburgh PIT Def"
2020,14.02,132,Keyser Soze,"Ravens, Baltimore BAL TMPK"
2020,14.03,133,Badass Mother Fucker,"Henry, Hunter LAC TE"
2020,14.04,134,BOB says FUCK CANCER!!,"Ravens, Baltimore BAL Def"
2020,14.05,135,Jefe,"Brown, John BUF WR"
2020,14.06,136,Lil K,"Ruggs, Henry LVR WR (R)"
2020,14.07,137,DDC,"Lock, Drew DEN QB"
2020,14.08,138,BEGBIE and SPUD,"Armstead, Ryquell JAC RB"
2020,14.09,139,Victorious Secret,"Shepard, Sterling NYG WR"
2020,14.1,140,Dazed & Confused,"Hooper, Austin CLE TE"
2020,15.01,141,Dazed & Confused,"Bills, Buffalo BUF Def"
2020,15.02,142,Victorious Secret,"Murray, Latavius NOS RB"
2020,15.03,143,BEGBIE and SPUD,"Michel, Sony NEP RB"
2020,15.04,144,DDC,"Hockenson, T.J. DET TE"
2020,15.05,145,Lil K,"Smith, Jonnu TEN TE"
2020,15.06,146,Jefe,"Fant, Noah DEN TE"
2020,15.07,147,BOB says FUCK CANCER!!,"Chiefs, Kansas City KCC TMPK"
2020,15.08,148,Badass Mother Fucker,"Bears, Chicago CHI Def"
2020,15.09,149,Keyser Soze,"Hardman, Mecole KCC WR"
2020,15.1,150,Young Guns,"Love, Bryce WAS RB"
2020,16.01,151,Young Guns,"Saints, New Orleans NOS TMPK"
2020,16.02,152,Keyser Soze,"Gesicki, Mike MIA TE"
2020,16.03,153,Badass Mother Fucker,"Jarwin, Blake DAL TE"
2020,16.04,154,BOB says FUCK CANCER!!,"Kelley, Joshua LAC RB (R)"
2020,16.05,155,Jefe,"Rams, Los Angeles LAR Def"
2020,16.06,156,Lil K,"Vikings, Minnesota MIN Def"
2020,16.07,157,DDC,"Patriots, New England NEP Def"
2020,16.08,158,BEGBIE and SPUD,"Chiefs, Kansas City KCC Def"
2020,16.09,159,Victorious Secret,"Saints, New Orleans NOS Def"
2020,16.1,160,Dazed & Confused,"Henderson, Darrell LAR RB"
2020,17.01,161,Dazed & Confused,"Cowboys, Dallas DAL TMPK"
2020,17.02,162,Victorious Secret,"Texans, Houston HOU TMPK"
2020,17.03,163,BEGBIE and SPUD,"Tagovailoa, Tua MIA QB (R)"
2020,17.04,164,DDC,"49ers, San Francisco SFO TMPK"
2020,17.05,165,Lil K,"Seahawks, Seattle SEA TMPK"
2020,17.06,166,Jefe,"Griffin III, Robert BAL QB"
2020,17.07,167,BOB says FUCK CANCER!!,"Campbell, Parris IND WR"
2020,17.08,168,Badass Mother Fucker,"Johnson, Kerryon DET RB"
2020,17.09,169,Keyser Soze,"McKinnon, Jerick SFO RB"
2020,17.1,170,Young Guns,"Olsen, Greg FA TE"
2020,18.01,171,Young Guns,"Coleman, Tevin SFO RB"
2020,18.02,172,Keyser Soze,"Pollard, Tony DAL RB"
2020,18.03,173,Badass Mother Fucker,"Eagles, Philadelphia PHI TMPK"
2020,18.04,174,BOB says FUCK CANCER!!,"Haskins, Dwayne PIT QB"
2020,18.05,175,Jefe,"Vikings, Minnesota MIN TMPK"
2020,18.06,176,Lil K,"Williams, Darrel KCC RB"
2020,18.07,177,DDC,"Dillon, AJ GBP RB (R)"
2020,18.08,178,BEGBIE and SPUD,"Cardinals, Arizona ARI TMPK"
2020,18.09,179,Victorious Secret,"Harris, Damien NEP RB"
2020,18.1,180,Dazed & Confused,"Colts, Indianapolis IND Def"
2019,1.01,1,Young Guns,"Barkley, Saquon NYG RB"
2019,1.02,2,Dazed & Confused,"McCaffrey, Christian CAR RB"
2019,1.03,3,Victorious Secret,"Kamara, Alvin NOS RB"
2019,1.04,4,Keyser Soze,"Elliott, Ezekiel DAL RB"
2019,1.05,5,Badass Mother Fucker,"Johnson, David ARI RB"
2019,1.06,6,DDC,"Mahomes, Patrick KCC QB"
2019,1.07,7,BEGBIE and SPUD,"Hopkins, DeAndre HOU WR"
2019,1.08,8,BOB says FUCK CANCER!!,"Cook, Dalvin MIN RB"
2019,1.09,9,Lil K,"Bell, Le'Veon NYJ RB"
2019,1.1,10,Jefe,"Conner, James PIT RB"
2019,2.01,11,Jefe,"Jones, Julio ATL WR"
2019,2.02,12,Lil K,"Chubb, Nick CLE RB"
2019,2.03,13,BOB says FUCK CANCER!!,"Thomas, Michael NOS WR"
2019,2.04,14,BEGBIE and SPUD,"Adams, Davante GBP WR"
2019,2.05,15,DDC,"Smith-Schuster, JuJu PIT WR"
2019,2.06,16,Badass Mother Fucker,"Beckham, Odell CLE WR"
2019,2.07,17,Keyser Soze,"Hill, Tyreek KCC WR"
2019,2.08,18,Victorious Secret,"Evans, Mike TBB WR"
2019,2.09,19,Dazed & Confused,"Watson, Deshaun HOU QB"
2019,2.1,20,Young Guns,"Kelce, Travis KCC TE"
2019,3.01,21,Young Guns,"Mixon, Joe CIN RB"
2019,3.02,22,Dazed & Confused,"Gurley, Todd LAR RB"
2019,3.03,23,Victorious Secret,"Allen, Keenan LAC WR"
2019,3.04,24,Keyser Soze,"Johnson, Kerryon DET RB"
2019,3.05,25,Badass Mother Fucker,"Brown, Antonio FA* WR"
2019,3.06,26,DDC,"Fournette, Leonard JAC RB"
2019,3.07,27,BEGBIE and SPUD,"Jones, Aaron GBP RB"
2019,3.08,28,BOB says FUCK CANCER!!,"Montgomery, David CHI RB (R)"
2019,3.09,29,Lil K,"Thielen, Adam MIN WR"
2019,3.1,30,Jefe,"White, James NEP RB"
2019,4.01,31,Jefe,"Diggs, Stefon MIN WR"
2019,4.02,32,Lil K,"Brees, Drew NOS QB"
2019,4.03,33,BOB says FUCK CANCER!!,"Rodgers, Aaron GBP QB"
2019,4.04,34,BEGBIE and SPUD,"Ryan, Matt ATL QB"
2019,4.05,35,DDC,"Wentz, Carson PHI QB"
2019,4.06,36,Badass Mother Fucker,"Freeman, Devonta ATL RB"
2019,4.07,37,Keyser Soze,"Mayfield, Baker CLE QB"
2019,4.08,38,Victorious Secret,"Goff, Jared LAR QB"
2019,4.09,39,Dazed & Confused,"Cooper, Amari DAL WR"
2019,4.1,40,Young Guns,"Cooks, Brandin LAR WR"
2019,5.01,41,Young Guns,"Winston, Jameis TBB QB"
2019,5.02,42,Dazed & Confused,"Woods, Robert LAR WR"
2019,5.03,43,Victorious Secret,"Newton, Cam CAR QB"
2019,5.04,44,Keyser Soze,"Carson, Chris SEA RB"
2019,5.05,45,Badass Mother Fucker,"Wilson, Russell SEA QB"
2019,5.06,46,DDC,"Jacobs, Josh OAK RB (R)"
2019,5.07,47,BEGBIE and SPUD,"Ertz, Zach PHI TE"
2019,5.08,48,BOB says FUCK CANCER!!,"Henry, Derrick TEN RB"
2019,5.09,49,Lil K,"Edelman, Julian NEP WR"
2019,5.1,50,Jefe,"Williams, Damien KCC RB"
2019,6.01,51,Jefe,"Brady, Tom NEP QB"
2019,6.02,52,Lil K,"Kittle, George SFO TE"
2019,6.03,53,BOB says FUCK CANCER!!,"Lockett, Tyler SEA WR"
2019,6.04,54,BEGBIE and SPUD,"Roethlisberger, Ben PIT QB"
2019,6.05,55,DDC,"Ingram, Mark BAL RB"
2019,6.06,56,Badass Mother Fucker,"Mack, Marlon IND RB"
2019,6.07,57,Keyser Soze,"Rivers, Philip LAC QB"
2019,6.08,58,Victorious Secret,"Michel, Sony NEP RB"
2019,6.09,59,Dazed & Confused,"Ridley, Calvin ATL WR"
2019,6.1,60,Young Guns,"Boyd, Tyler CIN WR"
2019,7.01,61,Young Guns,"Godwin, Chris TBB WR"
2019,7.02,62,Dazed & Confused,"Cousins, Kirk MIN QB"
2019,7.03,63,Victorious Secret,"Kupp, Cooper LAR WR"
2019,7.04,64,Keyser Soze,"Gordon, Josh SEA WR"
2019,7.05,65,Badass Mother Fucker,"Golladay, Kenny DET WR"
2019,7.06,66,DDC,"Hilton, T.Y. IND WR"
2019,7.07,67,BEGBIE and SPUD,"Lindsay, Phillip DEN RB"
2019,7.08,68,BOB says FUCK CANCER!!,"Prescott, Dak DAL QB"
2019,7.09,69,Lil K,"Landry, Jarvis CLE WR"
2019,7.1,70,Jefe,"Jeffery, Alshon PHI WR"
2019,8.01,71,Jefe,"Howard, O.J. TBB TE"
2019,8.02,72,Lil K,"Anderson, Robby NYJ WR"
2019,8.03,73,BOB says FUCK CANCER!!,"Williams, Mike LAC WR"
2019,8.04,74,BEGBIE and SPUD,"Johnson, Duke HOU RB"
2019,8.05,75,DDC,"Moore, D.J. CAR WR"
2019,8.06,76,Badass Mother Fucker,"Gordon, Melvin LAC RB"
2019,8.07,77,Keyser Soze,"Engram, Evan NYG TE"
2019,8.08,78,Victorious Secret,"Murray, Latavius NOS RB"
2019,8.09,79,Dazed & Confused,"Trubisky, Mitchell CHI QB"
2019,8.1,80,Young Guns,"Murray, Kyler ARI QB (R)"
2019,9.01,81,Young Guns,"Robinson, Allen CHI WR"
2019,9.02,82,Dazed & Confused,"Henry, Hunter LAC TE"
2019,9.03,83,Victorious Secret,"Ekeler, Austin LAC RB"
2019,9.04,84,Keyser Soze,"Samuel, Curtis CAR WR"
2019,9.05,85,Badass Mother Fucker,"Green, A.J. CIN WR"
2019,9.06,86,DDC,"Cook, Jared NOS TE"
2019,9.07,87,BEGBIE and SPUD,"Guice, Derrius WAS RB"
2019,9.08,88,BOB says FUCK CANCER!!,"Njoku, David CLE TE"
2019,9.09,89,Lil K,"Garoppolo, Jimmy SFO QB"
2019,9.1,90,Jefe,"Davis, Corey TEN WR"
2019,10.01,91,Jefe,"Cohen, Tarik CHI RB"
2019,10.02,92,Lil K,"Bears, Chicago CHI Def"
2019,10.03,93,BOB says FUCK CANCER!!,"Fuller, Will HOU WR"
2019,10.04,94,BEGBIE and SPUD,"Coleman, Tevin SFO RB"
2019,10.05,95,DDC,"Sanders, Emmanuel SFO WR"
2019,10.06,96,Badass Mother Fucker,"Jackson, Lamar BAL QB"
2019,10.07,97,Keyser Soze,"Westbrook, Dede JAC WR"
2019,10.08,98,Victorious Secret,"Jones, Marvin DET WR"
2019,10.09,99,Dazed & Confused,"Sanders, Miles PHI RB (R)"
2019,10.1,100,Young Guns,"Singletary, Devin BUF RB (R)"
2019,11.01,101,Young Guns,"Stafford, Matthew DET QB"
2019,11.02,102,Dazed & Confused,"Watkins, Sammy KCC WR"
2019,11.03,103,Victorious Secret,"Shepard, Sterling NYG WR"
2019,11.04,104,Keyser Soze,"McCoy, LeSean KCC RB"
2019,11.05,105,Badass Mother Fucker,"Penny, Rashaad SEA RB"
2019,11.06,106,DDC,"Kirk, Christian ARI WR"
2019,11.07,107,BEGBIE and SPUD,"Fitzgerald, Larry ARI WR"
2019,11.08,108,BOB says FUCK CANCER!!,"Moncrief, Donte FA WR"
2019,11.09,109,Lil K,"Thompson, Darwin KCC RB (R)"
2019,11.1,110,Jefe,"McDonald, Vance PIT TE"
2019,12.01,111,Jefe,"Carr, Derek OAK QB"
2019,12.02,112,Lil K,"Hunt, Kareem CLE RB"
2019,12.03,113,BOB says FUCK CANCER!!,"Freeman, Royce DEN RB"
2019,12.04,114,BEGBIE and SPUD,"Sutton, Courtland DEN WR"
2019,12.05,115,DDC,"Henderson, Darrell LAR RB (R)"
2019,12.06,116,Badass Mother Fucker,"Pettis, Dante SFO WR"
2019,12.07,117,Keyser Soze,"Darnold, Sam NYJ QB"
2019,12.08,118,Victorious Secret,"Jackson, Justin LAC RB"
2019,12.09,119,Dazed & Confused,"Howard, Jordan PHI RB"
2019,12.1,120,Young Guns,"Hill, Justice BAL RB (R)"
2019,13.01,121,Young Guns,"Hockenson, T.J. DET TE (R)"
2019,13.02,122,Dazed & Confused,"Brown, John BUF WR"
2019,13.03,123,Victorious Secret,"Hooper, Austin ATL TE"
2019,13.04,124,Keyser Soze,"Pollard, Tony DAL RB (R)"
2019,13.05,125,Badass Mother Fucker,"Walker, Delanie TEN TE"
2019,13.06,126,DDC,"Jaguars, Jacksonville JAC Def"
2019,13.07,127,BEGBIE and SPUD,"Drake, Kenyan ARI RB"
2019,13.08,128,BOB says FUCK CANCER!!,"Brissett, Jacoby IND QB"
2019,13.09,129,Lil K,"Valdes-Scantling, Marquez GBP WR"
2019,13.1,130,Jefe,"Lewis, Dion TEN RB"
2019,14.01,131,Jefe,"Jackson, DeSean PHI WR"
2019,14.02,132,Lil K,"Metcalf, DK SEA WR (R)"
2019,14.03,133,BOB says FUCK CANCER!!,"Rams, Los Angeles LAR Def"
2019,14.04,134,BEGBIE and SPUD,"Dalton, Andy CIN QB"
2019,14.05,135,DDC,"Rams, Los Angeles LAR TMPK"
2019,14.06,136,Badass Mother Fucker,"Allen, Josh BUF QB"
2019,14.07,137,Keyser Soze,"Crowder, Jamison NYJ WR"
2019,14.08,138,Victorious Secret,"Allison, Geronimo GBP WR"
2019,14.09,139,Dazed & Confused,"Breida, Matt SFO RB"
2019,14.1,140,Young Guns,"Gallup, Michael DAL WR"
2019,15.01,141,Young Guns,"Chiefs, Kansas City KCC TMPK"
2019,15.02,142,Dazed & Confused,"Tate, Golden NYG WR"
2019,15.03,143,Victorious Secret,"Ravens, Baltimore BAL TMPK"
2019,15.04,144,Keyser Soze,"Hyde, Carlos HOU RB"
2019,15.05,145,Badass Mother Fucker,"Olsen, Greg CAR TE"
2019,15.06,146,DDC,"Foles, Nick JAC QB"
2019,15.07,147,BEGBIE and SPUD,"Washington, James PIT WR"
2019,15.08,148,BOB says FUCK CANCER!!,"Patriots, New England NEP TMPK"
2019,15.09,149,Lil K,"Saints, New Orleans NOS TMPK"
2019,15.1,150,Jefe,"Ravens, Baltimore BAL Def"
2019,16.01,151,Jefe,"Texans, Houston HOU TMPK"
2019,16.02,152,Lil K,"Samuels, Jaylen PIT RB"
2019,16.03,153,BOB says FUCK CANCER!!,"Mattison, Alexander MIN RB (R)"
2019,16.04,154,BEGBIE and SPUD,"Barber, Peyton TBB RB"
2019,16.05,155,DDC,"Miller, Anthony CHI WR"
2019,16.06,156,Badass Mother Fucker,"Chargers, Los Angeles LAC Def"
2019,16.07,157,Keyser Soze,"Waller, Darren OAK TE"
2019,16.08,158,Victorious Secret,"Brown, Malcolm LAR RB"
2019,16.09,159,Dazed & Confused,"Patriots, New England NEP Def"
2019,16.1,160,Young Guns,"Peterson, Adrian WAS RB"
2019,17.01,161,Young Guns,"Sanu, Mohamed NEP WR"
2019,17.02,162,Dazed & Confused,"Seahawks, Seattle SEA Def"
2019,17.03,163,Victorious Secret,"Vikings, Minnesota MIN Def"
2019,17.04,164,Keyser Soze,"Browns, Cleveland CLE Def"
2019,17.05,165,Badass Mother Fucker,"Eagles, Philadelphia PHI TMPK"
2019,17.06,166,DDC,"Ballage, Kalen MIA RB"
2019,17.07,167,BEGBIE and SPUD,"Texans, Houston HOU Def"
2019,17.08,168,BOB says FUCK CANCER!!,"Ebron, Eric IND TE"
2019,17.09,169,Lil K,"Jones, Ronald TBB RB"
2019,17.1,170,Jefe,"Gore, Frank BUF RB"
2019,18.01,171,Jefe,"Boykin, Miles BAL WR (R)"
2019,18.02,172,Lil K,"Montgomery, Ty NYJ RB"
2019,18.03,173,BOB says FUCK CANCER!!,"Parker, DeVante MIA WR"
2019,18.04,174,BEGBIE and SPUD,"Seahawks, Seattle SEA TMPK"
2019,18.05,175,DDC,"Williams, Tyrell OAK WR"
2019,18.06,176,Badass Mother Fucker,"Richardson, Paul WAS WR"
2019,18.07,177,Keyser Soze,"Jaguars, Jacksonville JAC TMPK"
2019,18.08,178,Victorious Secret,"Bills, Buffalo BUF Def"
2019,18.09,179,Dazed & Confused,"Colts, Indianapolis IND TMPK"
2019,18.1,180,Young Guns,"Thompson, Chris WAS RB"
2018,1.01,1,BOB,"Johnson, David ARI RB"
2018,1.02,2,Keyser Soze,"Gurley, Todd LAR RB"
2018,1.03,3,Young Guns,"Bell, Le'Veon PIT RB"
2018,1.04,4,DDC,"Elliott, Ezekiel DAL RB"
2018,1.05,5,Walking Dead in South Park,"Brown, Antonio PIT WR"
2018,1.06,6,Jefe,"Hopkins, DeAndre HOU WR"
2018,1.07,7,Mr. Bill's North League All Stars,"Kamara, Alvin NOS RB"
2018,1.08,8,Victorious Secret,"Barkley, Saquon NYG RB(R)"
2018,1.09,9,Lil K,"Beckham, Odell NYG WR"
2018,1.1,10,Dazed & Confused,"Gordon, Melvin LAC RB"
2018,2.01,11,Dazed & Confused,"McCaffrey, Christian CAR RB"
2018,2.02,12,Lil K,"Fournette, Leonard JAC RB"
2018,2.03,13,Victorious Secret,"Hunt, Kareem FA* RB"
2018,2.04,14,Mr. Bill's North League All Stars,"Rodgers, Aaron GBP QB"
2018,2.05,15,Jefe,"Cook, Dalvin MIN RB"
2018,2.06,16,Walking Dead in South Park,"Jones, Julio ATL WR"
2018,2.07,17,DDC,"Thomas, Michael NOS WR"
2018,2.08,18,Young Guns,"Adams, Davante GBP WR"
2018,2.09,19,Keyser Soze,"Brady, Tom NEP QB"
2018,2.1,20,BOB,"Allen, Keenan LAC WR"
2018,3.01,21,BOB,"Mixon, Joe CIN RB"
2018,3.02,22,Keyser Soze,"Watson, Deshaun HOU QB"
2018,3.03,23,Young Guns,"Freeman, Devonta ATL RB"
2018,3.04,24,DDC,"Howard, Jordan CHI RB"
2018,3.05,25,Walking Dead in South Park,"McCoy, LeSean BUF RB"
2018,3.06,26,Jefe,"Wilson, Russell SEA QB"
2018,3.07,27,Mr. Bill's North League All Stars,"Hill, Tyreek KCC WR"
2018,3.08,28,Victorious Secret,"Green, A.J. CIN WR"
2018,3.09,29,Lil K,"Gronkowski, Rob NEP TE"
2018,3.1,30,Dazed & Confused,"Kelce, Travis KCC TE"
2018,4.01,31,Dazed & Confused,"Evans, Mike TBB WR"
2018,4.02,32,Lil K,"Brees, Drew NOS QB"
2018,4.03,33,Victorious Secret,"Diggs, Stefon MIN WR"
2018,4.04,34,Mr. Bill's North League All Stars,"Newton, Cam CAR QB"
2018,4.05,35,Jefe,"Fitzgerald, Larry ARI WR"
2018,4.06,36,Walking Dead in South Park,"Hilton, T.Y. IND WR"
2018,4.07,37,DDC,"Stafford, Matthew DET QB"
2018,4.08,38,Young Guns,"Thielen, Adam MIN WR"
2018,4.09,39,Keyser Soze,"Freeman, Royce DEN RB(R)"
2018,4.1,40,BOB,"Roethlisberger, Ben PIT QB"
2018,5.01,41,BOB,"Goff, Jared LAR QB"
2018,5.02,42,Keyser Soze,"Collins, Alex BAL RB"
2018,5.03,43,Young Guns,"Cousins, Kirk MIN QB"
2018,5.04,44,DDC,"Rivers, Philip LAC QB"
2018,5.05,45,Walking Dead in South Park,"Miller, Lamar HOU RB"
2018,5.06,46,Jefe,"Ertz, Zach PHI TE"
2018,5.07,47,Mr. Bill's North League All Stars,"Cooper, Amari DAL WR"
2018,5.08,48,Victorious Secret,"Ryan, Matt ATL QB"
2018,5.09,49,Lil K,"Garoppolo, Jimmy SFO QB"
2018,5.1,50,Dazed & Confused,"Wentz, Carson PHI QB"
2018,6.01,51,Dazed & Confused,"Luck, Andrew IND QB"
2018,6.02,52,Lil K,"Thomas, Demaryius HOU WR"
2018,6.03,53,Victorious Secret,"Mahomes, Patrick KCC QB"
2018,6.04,54,Mr. Bill's North League All Stars,"Graham, Jimmy GBP TE"
2018,6.05,55,Jefe,"Ajayi, Jay PHI RB"
2018,6.06,56,Walking Dead in South Park,"Mariota, Marcus TEN QB"
2018,6.07,57,DDC,"Drake, Kenyan MIA RB"
2018,6.08,58,Young Guns,"Landry, Jarvis CLE WR"
2018,6.09,59,Keyser Soze,"Smith-Schuster, JuJu PIT WR"
2018,6.1,60,BOB,"Baldwin, Doug SEA WR"
2018,7.01,61,BOB,"Hogan, Chris NEP WR"
2018,7.02,62,Keyser Soze,"Goodwin, Marquise SFO WR"
2018,7.03,63,Young Guns,"Smith, Alex WAS QB"
2018,7.04,64,DDC,"Tate, Golden PHI WR"
2018,7.05,65,Walking Dead in South Park,"Henry, Derrick TEN RB"
2018,7.06,66,Jefe,"Prescott, Dak DAL QB"
2018,7.07,67,Mr. Bill's North League All Stars,"Cooks, Brandin LAR WR"
2018,7.08,68,Victorious Secret,"Olsen, Greg CAR TE"
2018,7.09,69,Lil K,"Jones, Marvin DET WR"
2018,7.1,70,Dazed & Confused,"Robinson, Allen CHI WR"
2018,8.01,71,Dazed & Confused,"Kupp, Cooper LAR WR"
2018,8.02,72,Lil K,"Crowell, Isaiah NYJ RB"
2018,8.03,73,Victorious Secret,"Gordon, Josh NEP WR"
2018,8.04,74,Mr. Bill's North League All Stars,"Williams, Jamaal GBP RB"
2018,8.05,75,Jefe,"Crabtree, Michael BAL WR"
2018,8.06,76,Walking Dead in South Park,"Carr, Derek OAK QB"
2018,8.07,77,DDC,"Sanders, Emmanuel DEN WR"
2018,8.08,78,Young Guns,"Engram, Evan NYG TE"
2018,8.09,79,Keyser Soze,"Ingram, Mark NOS RB"
2018,8.1,80,BOB,"Walker, Delanie TEN TE"
2018,9.01,81,BOB,"Burkhead, Rex NEP RB"
2018,9.02,82,Keyser Soze,Timer Expired
2018,9.03,83,Young Guns,"Lynch, Marshawn OAK RB"
2018,9.04,84,DDC,"Burton, Trey CHI TE"
2018,9.05,85,Walking Dead in South Park,"Johnson, Kerryon DET RB (R)"
2018,9.06,86,Jefe,"Woods, Robert LAR WR"
2018,9.07,87,Mr. Bill's North League All Stars,"Lewis, Dion TEN RB"
2018,9.08,88,Victorious Secret,"Trubisky, Mitchell CHI QB"
2018,9.09,89,Lil K,"Hyde, Carlos JAC RB"
2018,9.1,90,Dazed & Confused,"Carson, Chris SEA RB"
2018,10.01,91,Dazed & Confused,"Funchess, Devin CAR WR"
2018,10.02,92,Lil K,"Cohen, Tarik CHI RB"
2018,10.03,93,Victorious Secret,"Davis, Corey TEN WR"
2018,10.04,94,Mr. Bill's North League All Stars,"Morris, Alfred SFO RB"
2018,10.05,95,Jefe,"Coleman, Tevin ATL RB"
2018,10.06,96,Walking Dead in South Park,"Jeffery, Alshon PHI WR"
2018,10.07,97,DDC,"Barber, Peyton TBB RB"
2018,10.08,98,Young Guns,"Crowder, Jamison WAS WR"
2018,10.09,99,Keyser Soze,"Nelson, Jordy OAK WR"
2018,10.1,100,BOB,"Thompson, Chris WAS RB"
2018,11.01,101,BOB,"Agholor, Nelson PHI WR"
2018,11.02,102,Keyser Soze,"Fuller, Will HOU WR"
2018,11.03,103,Young Guns,"White, James NEP RB"
2018,11.04,104,DDC,"Anderson, Robby NYJ WR"
2018,11.05,105,Walking Dead in South Park,"Johnson, Duke CLE RB"
2018,11.06,106,Jefe,"Mack, Marlon IND RB"
2018,11.07,107,Mr. Bill's North League All Stars,"Winston, Jameis TBB QB"
2018,11.08,108,Victorious Secret,"Breida, Matt SFO RB"
2018,11.09,109,Lil K,"Cole, Keelan JAC WR"
2018,11.1,110,Dazed & Confused,"Watkins, Sammy KCC WR"
2018,12.01,111,Dazed & Confused,"Michel, Sony NEP RB (R)"
2018,12.02,112,Lil K,"Stills, Kenny MIA WR"
2018,12.03,113,Victorious Secret,"Hurns, Allen DAL WR"
2018,12.04,114,Mr. Bill's North League All Stars,"Moore, D.J. CAR WR (R)"
2018,12.05,115,Jefe,"Garcon, Pierre SFO WR"
2018,12.06,116,Walking Dead in South Park,"Jaguars, Jacksonville JAC Def"
2018,12.07,117,DDC,"Rams, Los Angeles LAR Def"
2018,12.08,118,Young Guns,"Vikings, Minnesota MIN Def"
2018,12.09,119,Keyser Soze,"Doyle, Jack IND TE"
2018,12.1,120,BOB,"Chargers, Los Angeles LAC Def"
2018,13.01,121,BOB,"Keenum, Case DEN QB"
2018,13.02,122,Keyser Soze,"Njoku, David CLE TE"
2018,13.03,123,Young Guns,"Manning, Eli NYG QB"
2018,13.04,124,DDC,"Shepard, Sterling NYG WR"
2018,13.05,125,Walking Dead in South Park,"Rudolph, Kyle MIN TE"
2018,13.06,126,Jefe,"Amendola, Danny MIA WR"
2018,13.07,127,Mr. Bill's North League All Stars,"Ridley, Calvin ATL WR (R)"
2018,13.08,128,Victorious Secret,"Eagles, Philadelphia PHI Def"
2018,13.09,129,Lil K,"Patriots, New England NEP TMPK"
2018,13.1,130,Dazed & Confused,"Reed, Jordan WAS TE"
2018,14.01,131,Dazed & Confused,"Lockett, Tyler SEA WR"
2018,14.02,132,Lil K,"Peterson, Adrian WAS RB"
2018,14.03,133,Victorious Secret,"Penny, Rashaad SEA RB(R)"
2018,14.04,134,Mr. Bill's North League All Stars,"Ravens, Baltimore BAL Def"
2018,14.05,135,Jefe,"Cobb, Randall GBP WR"
2018,14.06,136,Walking Dead in South Park,"Bortles, Blake JAC QB"
2018,14.07,137,DDC,"Clement, Corey PHI RB"
2018,14.08,138,Young Guns,"Bernard, Giovani CIN RB"
2018,14.09,139,Keyser Soze,"Panthers, Carolina CAR Def"
2018,14.1,140,BOB,"Dalton, Andy CIN QB"
2018,15.01,141,BOB,"Benjamin, Kelvin KCC WR"
2018,15.02,142,Keyser Soze,"Broncos, Denver DEN Def"
2018,15.03,143,Young Guns,"Jones, Aaron GBP RB"
2018,15.04,144,DDC,"Rams, Los Angeles LAR TMPK"
2018,15.05,145,Walking Dead in South Park,"Parker, DeVante MIA WR"
2018,15.06,146,Jefe,"Patriots, New England NEP Def"
2018,15.07,147,Mr. Bill's North League All Stars,"Gallup, Michael DAL WR(R)"
2018,15.08,148,Victorious Secret,No Pick Made
2018,15.09,149,Lil K,"Bears, Chicago CHI Def"
2018,15.1,150,Dazed & Confused,"Taylor, Tyrod CLE QB"
2018,16.01,151,Dazed & Confused,"Wilkins, Jordan IND RB(R)"
2018,16.02,152,Lil K,"Meredith, Cameron NOS WR"
2018,16.03,153,Victorious Secret,"Williams, Mike LAC WR"
2018,16.04,154,Mr. Bill's North League All Stars,"Anderson, C.J. LAR RB"
2018,16.05,155,Jefe,"Steelers, Pittsburgh PIT TMPK"
2018,16.06,156,Walking Dead in South Park,"Falcons, Atlanta ATL TMPK"
2018,16.07,157,DDC,"Matthews, Rishard NYJ WR"
2018,16.08,158,Young Guns,"Saints, New Orleans NOS TMPK"
2018,16.09,159,Keyser Soze,"Jaguars, Jacksonville JAC TMPK"
2018,16.1,160,BOB,"Chiefs, Kansas City KCC TMPK"
2018,17.01,161,BOB,"Eifert, Tyler CIN TE"
2018,17.02,162,Keyser Soze,"Saints, New Orleans NOS Def"
2018,17.03,163,Young Guns,"Richardson, Paul WAS WR"
2018,17.04,164,DDC,"Tannehill, Ryan MIA QB"
2018,17.05,165,Walking Dead in South Park,"Golladay, Kenny DET WR"
2018,17.06,166,Jefe,"Darnold, Sam NYJ QB(R)"
2018,17.07,167,Mr. Bill's North League All Stars,"Vikings, Minnesota MIN TMPK"
2018,17.08,168,Victorious Secret,"Murray, Latavius MIN RB"
2018,17.09,169,Lil K,"Powell, Bilal NYJ RB"
2018,17.1,170,Dazed & Confused,"Falcons, Atlanta ATL Def"
2018,18.01,171,Dazed & Confused,"Eagles, Philadelphia PHI TMPK"
2018,18.02,172,Lil K,"Miller, Anthony CHI WR(R)"
2018,18.03,173,Victorious Secret,"Ware, Spencer KCC RB"
2018,18.04,174,Mr. Bill's North League All Stars,"Blount, LeGarrette DET RB"
2018,18.05,175,Jefe,"Howard, O.J. TBB TE"
2018,18.06,176,Walking Dead in South Park,"Rosen, Josh ARI QB (R)"
2018,18.07,177,DDC,"Texans, Houston HOU Def"
2018,18.08,178,Young Guns,"Sanu, Mohamed ATL WR"
2018,18.09,179,Keyser Soze,"Sutton, Courtland DEN WR (R)"
2018,18.1,180,BOB,"Godwin, Chris TBB WR"
2017,1.01,1,BOB,"Johnson, David ARI RB"
2017,1.02,2,Walking Dead in South Park,"Bell, Le'Veon PIT RB"
2017,1.03,3,Young Guns,"Brown, Antonio PIT WR"
2017,1.04,4,Mr. Bill's North League All Stars,"Rodgers, Aaron GBP QB"
2017,1.05,5,Victorious Secret,"Jones, Julio ATL WR"
2017,1.06,6,DDC,"Beckham, Odell NYG WR"
2017,1.07,7,Lil K,"Evans, Mike TBB WR"
2017,1.08,8,Keyser Soze,"Brady, Tom NEP QB"
2017,1.09,9,Jefe,"Freeman, Devonta ATL RB"
2017,1.1,10,Edelbrock Intake,"Nelson, Jordy GBP WR"
2017,2.01,11,Edelbrock Intake,"Brees, Drew NOS QB"
2017,2.02,12,Jefe,"Gordon, Melvin LAC RB"
2017,2.03,13,Keyser Soze,"McCoy, LeSean BUF RB"
2017,2.04,14,Lil K,"Green, A.J. CIN WR"
2017,2.05,15,DDC,"Elliott, Ezekiel DAL RB"
2017,2.06,16,Victorious Secret,"Ajayi, Jay PHI RB"
2017,2.07,17,Mr. Bill's North League All Stars,"Howard, Jordan CHI RB"
2017,2.08,18,Young Guns,"Murray, DeMarco TEN RB"
2017,2.09,19,Walking Dead in South Park,"Cooks, Brandin NEP WR"
2017,2.1,20,BOB,"Baldwin, Doug SEA WR"
2017,3.01,21,BOB,"Cooper, Amari OAK WR"
2017,3.02,22,Walking Dead in South Park,"Thomas, Michael NOS WR"
2017,3.03,23,Young Guns,"Gronkowski, Rob NEP TE"
2017,3.04,24,Mr. Bill's North League All Stars,"McCaffrey, Christian CAR RB(R)"
2017,3.05,25,Victorious Secret,"Carr, Derek OAK QB"
2017,3.06,26,DDC,"Hunt, Kareem KCC RB (R)"
2017,3.07,27,Lil K,"Ryan, Matt ATL QB"
2017,3.08,28,Keyser Soze,"Gurley, Todd LAR RB"
2017,3.09,29,Jefe,"Thomas, Demaryius DEN WR"
2017,3.1,30,Edelbrock Intake,"Miller, Lamar HOU RB"
2017,4.01,31,Edelbrock Intake,"Bryant, Dez DAL WR"
2017,4.02,32,Jefe,"Hopkins, DeAndre HOU WR"
2017,4.03,33,Keyser Soze,"Pryor, Terrelle WAS WR"
2017,4.04,34,Lil K,"Fournette, Leonard JAC RB(R)"
2017,4.05,35,DDC,"Cook, Dalvin MIN RB (R)"
2017,4.06,36,Victorious Secret,"Wilson, Russell SEA QB"
2017,4.07,37,Mr. Bill's North League All Stars,"Hilton, T.Y. IND WR"
2017,4.08,38,Young Guns,"Allen, Keenan LAC WR"
2017,4.09,39,Walking Dead in South Park,"Hyde, Carlos SFO RB"
2017,4.1,40,BOB,"Mixon, Joe CIN RB (R)"
2017,5.01,41,BOB,"Mariota, Marcus TEN QB"
2017,5.02,42,Walking Dead in South Park,"Winston, Jameis TBB QB"
2017,5.03,43,Young Guns,"Crabtree, Michael OAK WR"
2017,5.04,44,Mr. Bill's North League All Stars,"Cousins, Kirk WAS QB"
2017,5.05,45,Victorious Secret,"Lynch, Marshawn OAK RB"
2017,5.06,46,DDC,"Roethlisberger, Ben PIT QB"
2017,5.07,47,Lil K,"Crowell, Isaiah CLE RB"
2017,5.08,48,Keyser Soze,"Newton, Cam CAR QB"
2017,5.09,49,Jefe,"Tate, Golden DET WR"
2017,5.1,50,Edelbrock Intake,"Montgomery, Ty GBP RB"
2017,6.01,51,Edelbrock Intake,"Prescott, Dak DAL QB"
2017,6.02,52,Jefe,"Rivers, Philip LAC QB"
2017,6.03,53,Keyser Soze,"Martin, Doug TBB RB"
2017,6.04,54,Lil K,"Kelce, Travis KCC TE"
2017,6.05,55,DDC,"Jeffery, Alshon PHI WR"
2017,6.06,56,Victorious Secret,"Adams, Davante GBP WR"
2017,6.07,57,Mr. Bill's North League All Stars,"Benjamin, Kelvin BUF WR"
2017,6.08,58,Young Guns,"Stafford, Matthew DET QB"
2017,6.09,59,Walking Dead in South Park,"Robinson, Allen JAC WR"
2017,6.1,60,BOB,"Dalton, Andy CIN QB"
2017,7.01,61,BOB,"Luck, Andrew IND QB"
2017,7.02,62,Walking Dead in South Park,"Powell, Bilal NYJ RB"
2017,7.03,63,Young Guns,"Ingram, Mark NOS RB"
2017,7.04,64,Mr. Bill's North League All Stars,"Reed, Jordan WAS TE"
2017,7.05,65,Victorious Secret,"Hill, Tyreek KCC WR"
2017,7.06,66,DDC,"Manning, Eli NYG QB"
2017,7.07,67,Lil K,"Olsen, Greg CAR TE"
2017,7.08,68,Keyser Soze,"Bryant, Martavis PIT WR"
2017,7.09,69,Jefe,"Palmer, Carson ARI QB"
2017,7.1,70,Edelbrock Intake,"Crowder, Jamison WAS WR"
2017,8.01,71,Edelbrock Intake,"Graham, Jimmy SEA TE"
2017,8.02,72,Jefe,"Fitzgerald, Larry ARI WR"
2017,8.03,73,Keyser Soze,"Parker, DeVante MIA WR"
2017,8.04,74,Lil K,"Watkins, Sammy LAR WR"
2017,8.05,75,DDC,"Diggs, Stefon MIN WR"
2017,8.06,76,Victorious Secret,"Walker, Delanie TEN TE"
2017,8.07,77,Mr. Bill's North League All Stars,"Anderson, C.J. DEN RB"
2017,8.08,78,Young Guns,"Cutler, Jay MIA QB"
2017,8.09,79,Walking Dead in South Park,"Wentz, Carson PHI QB"
2017,8.1,80,BOB,"Ertz, Zach PHI TE"
2017,9.01,81,BOB,"Abdullah, Ameer DET RB"
2017,9.02,82,Walking Dead in South Park,"Eifert, Tyler CIN TE"
2017,9.03,83,Young Guns,"White, James NEP RB"
2017,9.04,84,Mr. Bill's North League All Stars,"Sanders, Emmanuel DEN WR"
2017,9.05,85,Victorious Secret,"Peterson, Adrian ARI RB"
2017,9.06,86,DDC,"Rudolph, Kyle MIN TE"
2017,9.07,87,Lil K,"West, Terrance BAL RB"
2017,9.08,88,Keyser Soze,"Bennett, Martellus NEP TE"
2017,9.09,89,Jefe,"Gore, Frank IND RB"
2017,9.1,90,Edelbrock Intake,"Woodhead, Danny BAL RB"
2017,10.01,91,Edelbrock Intake,"Garcon, Pierre SFO WR"
2017,10.02,92,Jefe,"Witten, Jason DAL TE"
2017,10.03,93,Keyser Soze,"Coleman, Corey CLE WR"
2017,10.04,94,Lil K,"Taylor, Tyrod BUF QB"
2017,10.05,95,DDC,"Coleman, Tevin ATL RB"
2017,10.06,96,Victorious Secret,"Landry, Jarvis MIA WR"
2017,10.07,97,Mr. Bill's North League All Stars,"Hogan, Chris NEP WR"
2017,10.08,98,Young Guns,"Henry, Derrick TEN RB"
2017,10.09,99,Walking Dead in South Park,"Kelley, Rob WAS RB"
2017,10.1,100,BOB,"Marshall, Brandon NYG WR"
2017,11.01,101,BOB,"Snead, Willie NOS WR"
2017,11.02,102,Walking Dead in South Park,"Maclin, Jeremy BAL WR"
2017,11.03,103,Young Guns,"Thielen, Adam MIN WR"
2017,11.04,104,Mr. Bill's North League All Stars,"Moncrief, Donte IND WR"
2017,11.05,105,Victorious Secret,"Jackson, DeSean TBB WR"
2017,11.06,106,DDC,"Williams, Tyrell LAC WR"
2017,11.07,107,Lil K,"Matthews, Jordan BUF WR"
2017,11.08,108,Keyser Soze,"McFadden, Darren FA RB"
2017,11.09,109,Jefe,"Lacy, Eddie SEA RB"
2017,11.1,110,Edelbrock Intake,"Gillislee, Mike NEP RB"
2017,12.01,111,Edelbrock Intake,"Davis, Corey TEN WR (R)"
2017,12.02,112,Jefe,"Cobb, Randall GBP WR"
2017,12.03,113,Keyser Soze,"Amendola, Danny NEP WR"
2017,12.04,114,Lil K,"Seahawks, Seattle SEA Def"
2017,12.05,115,DDC,"Decker, Eric TEN WR"
2017,12.06,116,Victorious Secret,"Wallace, Mike BAL WR"
2017,12.07,117,Mr. Bill's North League All Stars,"Perkins, Paul NYG RB"
2017,12.08,118,Young Guns,"Prosise, C.J. SEA RB"
2017,12.09,119,Walking Dead in South Park,"Brown, John ARI WR"
2017,12.1,120,BOB,"Riddick, Theo DET RB"
2017,13.01,121,BOB,"Ravens, Baltimore BAL TMPK"
2017,13.02,122,Walking Dead in South Park,"Rawls, Thomas SEA RB"
2017,13.03,123,Young Guns,"Jones, Marvin DET WR"
2017,13.04,124,Mr. Bill's North League All Stars,"White, Kevin CHI WR"
2017,13.05,125,Victorious Secret,"Johnson, Duke CLE RB"
2017,13.06,126,DDC,"Broncos, Denver DEN Def"
2017,13.07,127,Lil K,"Forte, Matt NYJ RB"
2017,13.08,128,Keyser Soze,"Chiefs, Kansas City KCC Def"
2017,13.09,129,Jefe,"Cardinals, Arizona ARI Def"
2017,13.1,130,Edelbrock Intake,"Patriots, New England NEP TMPK"
2017,14.01,131,Edelbrock Intake,"Texans, Houston HOU Def"
2017,14.02,132,Jefe,"Sproles, Darren PHI RB"
2017,14.03,133,Keyser Soze,"Henry, Hunter LAC TE"
2017,14.04,134,Lil K,"Perine, Samaje WAS RB (R)"
2017,14.05,135,DDC,"Falcons, Atlanta ATL TMPK"
2017,14.06,136,Victorious Secret,"Vikings, Minnesota MIN Def"
2017,14.07,137,Mr. Bill's North League All Stars,"Patriots, New England NEP Def"
2017,14.08,138,Young Guns,"Eagles, Philadelphia PHI Def"
2017,14.09,139,Walking Dead in South Park,"Panthers, Carolina CAR Def"
2017,14.1,140,BOB,"Chargers, Los Angeles LAC Def"
2017,15.01,141,BOB,"Matthews, Rishard TEN WR"
2017,15.02,142,Walking Dead in South Park,"Golladay, Kenny DET WR (R)"
2017,15.03,143,Young Guns,"Bradford, Sam MIN QB"
2017,15.04,144,Mr. Bill's North League All Stars,"Watson, Deshaun HOU QB (R)"
2017,15.05,145,Victorious Secret,"Cowboys, Dallas DAL TMPK"
2017,15.06,146,DDC,"Anderson, Robby NYJ WR"
2017,15.07,147,Lil K,"Shepard, Sterling NYG WR"
2017,15.08,148,Keyser Soze,"Garoppolo, Jimmy SFO QB"
2017,15.09,149,Jefe,"Ebron, Eric DET TE"
2017,15.1,150,Edelbrock Intake,"Williams, Jamaal GBP RB (R)"
2017,16.01,151,Edelbrock Intake,"Ginn Jr., Ted NOS WR"
2017,16.02,152,Jefe,"Seahawks, Seattle SEA TMPK"
2017,16.03,153,Keyser Soze,"Kamara, Alvin NOS RB (R)"
2017,16.04,154,Lil K,"Bernard, Giovani CIN RB"
2017,16.05,155,DDC,"Flacco, Joe BAL QB"
2017,16.06,156,Victorious Secret,"Britt, Kenny NEP WR"
2017,16.07,157,Mr. Bill's North League All Stars,"Doyle, Jack IND TE"
2017,16.08,158,Young Guns,"Chiefs, Kansas City KCC TMPK"
2017,16.09,159,Walking Dead in South Park,"Kupp, Cooper LAR WR (R)"
2017,16.1,160,BOB,"Kizer, DeShone CLE QB (R)"
2017,17.01,161,BOB,"Fleener, Coby NOS TE"
2017,17.02,162,Walking Dead in South Park,"Bortles, Blake JAC QB"
2017,17.03,163,Young Guns,"Burkhead, Rex NEP RB"
2017,17.04,164,Mr. Bill's North League All Stars,"Stewart, Jonathan CAR RB"
2017,17.05,165,Victorious Secret,"Murray, Latavius MIN RB"
2017,17.06,166,DDC,"Charles, Jamaal DEN RB"
2017,17.07,167,Lil K,"Jones, Zay BUF WR (R)"
2017,17.08,168,Keyser Soze,"Mack, Marlon IND RB (R)"
2017,17.09,169,Jefe,"Trubisky, Mitchell CHI QB (R)"
2017,17.1,170,Edelbrock Intake,"Smallwood, Wendell PHI RB"
2017,18.01,171,Edelbrock Intake,"Smith-Schuster, JuJu PIT WR(R)"
2017,18.02,172,Jefe,"Thompson, Chris WAS RB"
2017,18.03,173,Keyser Soze,"Blount, LeGarrette PHI RB"
2017,18.04,174,Lil K,"Raiders, Oakland OAK TMPK"
2017,18.05,175,DDC,"Lockett, Tyler SEA WR"
2017,18.06,176,Victorious Secret,"Hoyer, Brian NEP QB"
2017,18.07,177,Mr. Bill's North League All Stars,"Broncos, Denver DEN TMPK"
2017,18.08,178,Young Guns,"Rodgers, Jacquizz TBB RB"
2017,18.09,179,Walking Dead in South Park,"Saints, New Orleans NOS TMPK"
2017,18.1,180,BOB,"Wright, Kendall CHI WR"
